Name,Country_ID,Country,Gaul_Code,2000,2001,2002,2003,2004,2005,2006,2007,2008,2009,2010,2011,2012,2013,2014,2015
Administrative unit not available,SDN,Sudan,124,0.1211,0.1235,0.1173,0.1071,0.0982,0.1,0.0674,0.0578,0.0488,0.0444,0.0443,0.0438,0.0512,0.0585,0.0604,0.0579
Bengo,AGO,Angola,398,0.3585,0.3739,0.3829,0.3513,0.3372,0.32,0.2793,0.2367,0.1686,0.1303,0.1244,0.1387,0.1471,0.1661,0.1632,0.1379
Benguela,AGO,Angola,399,0.2503,0.2613,0.2694,0.2412,0.2306,0.2201,0.1942,0.156,0.099,0.066,0.0607,0.0659,0.0725,0.0899,0.0873,0.0735
Bie,AGO,Angola,400,0.2943,0.3042,0.3168,0.3267,0.3431,0.3441,0.3066,0.2187,0.1277,0.0803,0.069,0.0723,0.085,0.1124,0.1093,0.0917
Cabinda,AGO,Angola,401,0.3922,0.3831,0.3659,0.2984,0.2507,0.2146,0.1885,0.1629,0.1323,0.1237,0.142,0.1729,0.2038,0.2264,0.219,0.1867
Cuando Cubango,AGO,Angola,402,0.2413,0.2498,0.2545,0.2352,0.2414,0.2307,0.2085,0.1473,0.0892,0.0591,0.0547,0.062,0.0724,0.0876,0.0866,0.0759
Cuanza Sul,AGO,Angola,403,0.4134,0.4344,0.4583,0.4765,0.506,0.5267,0.493,0.4104,0.2662,0.1718,0.1465,0.1505,0.1631,0.2012,0.1948,0.1637
Cunene,AGO,Angola,404,0.1919,0.1966,0.2115,0.225,0.2562,0.2777,0.2648,0.1944,0.1219,0.0792,0.0661,0.0676,0.0663,0.0706,0.0704,0.0617
Huambo,AGO,Angola,405,0.3868,0.3943,0.393,0.3778,0.3588,0.3171,0.2521,0.1546,0.0688,0.036,0.0295,0.0342,0.0524,0.0948,0.0915,0.0761
Huila,AGO,Angola,406,0.3002,0.3137,0.3211,0.3072,0.2945,0.278,0.2492,0.1992,0.136,0.1058,0.1043,0.1139,0.1224,0.1402,0.1367,0.1167
Kuanza Norte,AGO,Angola,407,0.4157,0.4328,0.4511,0.4544,0.4655,0.4743,0.4415,0.3871,0.2826,0.2154,0.2015,0.2186,0.2331,0.2573,0.2482,0.2106
Luanda,AGO,Angola,408,0.079,0.0839,0.0855,0.0536,0.0425,0.0353,0.0313,0.0282,0.0239,0.0222,0.0244,0.0277,0.0315,0.0392,0.0388,0.0339
Lunda Norte,AGO,Angola,409,0.3882,0.3898,0.3999,0.3891,0.3981,0.4054,0.3805,0.3163,0.2122,0.1482,0.1327,0.134,0.1423,0.1628,0.1628,0.1366
Lunda Sul,AGO,Angola,410,0.2001,0.2041,0.2124,0.1833,0.1871,0.1927,0.1883,0.1607,0.1125,0.0857,0.0836,0.0904,0.1042,0.1206,0.1206,0.105
Malanje,AGO,Angola,411,0.3971,0.408,0.4344,0.4529,0.4917,0.5222,0.5112,0.4464,0.3208,0.2278,0.2025,0.2033,0.2075,0.228,0.22,0.1872
Moxico,AGO,Angola,412,0.2146,0.22,0.2254,0.1876,0.1831,0.178,0.1701,0.1394,0.0981,0.0784,0.0823,0.0979,0.1182,0.1367,0.1406,0.1205
Namibe,AGO,Angola,413,0.1206,0.1246,0.1254,0.0897,0.0769,0.0713,0.0658,0.0594,0.0484,0.0434,0.0479,0.0535,0.0538,0.0574,0.057,0.0504
Uige,AGO,Angola,414,0.482,0.4799,0.4774,0.4529,0.4255,0.39,0.3309,0.2554,0.159,0.1103,0.0986,0.1129,0.1348,0.1735,0.1672,0.136
Zaire,AGO,Angola,415,0.453,0.4495,0.4513,0.4369,0.4388,0.4459,0.4389,0.4164,0.3555,0.3103,0.2886,0.2737,0.2217,0.1933,0.1857,0.1538
Alibori,BEN,Benin,609,0.3715,0.362,0.3608,0.3652,0.3692,0.359,0.3782,0.4064,0.4401,0.4744,0.4993,0.4841,0.4789,0.4052,0.3802,0.4042
Atakora,BEN,Benin,610,0.4535,0.4485,0.4648,0.4862,0.5171,0.5293,0.5552,0.5948,0.6214,0.644,0.6304,0.5683,0.4814,0.3538,0.3246,0.3442
Atlantique,BEN,Benin,611,0.2684,0.2573,0.259,0.2754,0.3073,0.3134,0.3114,0.2774,0.237,0.1936,0.1747,0.1707,0.1846,0.1954,0.1798,0.1904
Borgou,BEN,Benin,612,0.4752,0.4609,0.4632,0.4629,0.4736,0.4719,0.477,0.4743,0.4513,0.4288,0.4132,0.3766,0.3576,0.3287,0.3048,0.3242
Collines,BEN,Benin,613,0.5295,0.5167,0.5202,0.5383,0.5716,0.5797,0.5635,0.5186,0.4373,0.3579,0.3069,0.2679,0.2593,0.2675,0.2403,0.2555
Couffo,BEN,Benin,614,0.4275,0.4098,0.4163,0.4548,0.5272,0.566,0.5708,0.5114,0.414,0.3163,0.2744,0.2675,0.3071,0.3427,0.321,0.3334
Donga,BEN,Benin,615,0.4916,0.4738,0.4755,0.4899,0.5156,0.535,0.548,0.5645,0.5549,0.5417,0.5265,0.4862,0.4628,0.4055,0.3736,0.3918
Littoral,BEN,Benin,616,0.1105,0.1047,0.1099,0.1218,0.1438,0.1407,0.1458,0.132,0.1076,0.0856,0.0741,0.0699,0.0706,0.0743,0.0704,0.0753
Mono,BEN,Benin,617,0.3593,0.3358,0.3319,0.3539,0.4048,0.4243,0.4222,0.3755,0.3037,0.2374,0.2093,0.2037,0.2308,0.264,0.2406,0.2557
Oueme,BEN,Benin,618,0.1741,0.1702,0.1784,0.1989,0.2337,0.2269,0.2339,0.2138,0.1824,0.1465,0.1286,0.1206,0.1226,0.1238,0.1163,0.1233
Plateau,BEN,Benin,619,0.3401,0.3347,0.3412,0.3616,0.3999,0.3951,0.3963,0.3655,0.3277,0.2772,0.2455,0.2199,0.207,0.1992,0.1856,0.1959
Zou,BEN,Benin,620,0.4164,0.4095,0.4167,0.4425,0.4893,0.5036,0.5009,0.4502,0.3768,0.3076,0.27,0.2494,0.2641,0.277,0.2541,0.2698
Central,BWA,Botswana,654,0.0113,0.0097,0.0083,0.0084,0.0101,0.0101,0.012,0.0117,0.0116,0.0119,0.0102,0.0095,0.0085,0.0091,0.0096,0.0093
Chobe,BWA,Botswana,655,0.0252,0.0216,0.0169,0.0173,0.0211,0.0192,0.0232,0.0214,0.023,0.0241,0.022,0.0207,0.0218,0.0219,0.0229,0.0227
Ghanzi,BWA,Botswana,656,0.0315,0.0273,0.0239,0.0234,0.0246,0.0229,0.0275,0.0244,0.0254,0.0237,0.0233,0.0208,0.0183,0.0167,0.0186,0.018
Kgalagadi,BWA,Botswana,657,0.0003,0.0003,0.0002,0.0002,0.0002,0.0002,0.0003,0.0003,0.0003,0.0003,0.0003,0.0003,0.0003,0.0002,0.0003,0.0003
Kgatleng,BWA,Botswana,658,0.0016,0.0015,0.0014,0.0013,0.0014,0.0013,0.0018,0.0013,0.0012,0.001,0.0008,0.0006,0.0004,0.0004,0.0005,0.0004
Kweneng,BWA,Botswana,659,0,0,0,0,0,0,0,0,0,0,0,0,0,0,0,0
Ngamiland,BWA,Botswana,660,0.0423,0.0359,0.0297,0.0279,0.0294,0.0257,0.0285,0.0229,0.0204,0.018,0.0164,0.0157,0.0155,0.0172,0.0178,0.0177
North East,BWA,Botswana,661,0.0034,0.0029,0.0025,0.0028,0.0037,0.0041,0.0052,0.0054,0.0054,0.0059,0.005,0.0044,0.0037,0.0042,0.0044,0.0043
South-East,BWA,Botswana,662,0,0,0,0,0,0,0,0,0,0,0,0,0,0,0,0
Southern,BWA,Botswana,663,0,0,0,0,0,0,0,0,0,0,0,0,0,0,0,0
Abim,UGA,Uganda,743,0.5137,0.5356,0.5197,0.49,0.4355,0.3833,0.3555,0.3308,0.3566,0.4058,0.3622,0.2853,0.2134,0.157,0.1758,0.1587
Amudat,UGA,Uganda,744,0.4683,0.5082,0.5065,0.4838,0.4167,0.3384,0.267,0.1923,0.149,0.1305,0.1083,0.0987,0.1248,0.1431,0.1469,0.1481
Amuru,UGA,Uganda,745,0.7005,0.7061,0.6977,0.6816,0.6463,0.6129,0.5899,0.5663,0.5835,0.5984,0.5347,0.4383,0.3391,0.2574,0.2737,0.2434
Apac,UGA,Uganda,746,0.7433,0.7584,0.741,0.6937,0.5997,0.5142,0.4704,0.4682,0.5399,0.6222,0.5959,0.503,0.3796,0.2689,0.2769,0.2556
Budaka,UGA,Uganda,747,0.7774,0.8571,0.876,0.8548,0.7708,0.6522,0.5718,0.5226,0.5548,0.6062,0.5676,0.4808,0.3971,0.3062,0.32,0.3088
Bugiri,UGA,Uganda,748,0.6668,0.8017,0.8472,0.8403,0.778,0.6954,0.6512,0.6526,0.7147,0.7748,0.7224,0.5892,0.4,0.2421,0.254,0.2455
Buikwe,UGA,Uganda,749,0.2712,0.3296,0.3714,0.3871,0.3851,0.3885,0.3754,0.377,0.4325,0.4822,0.4081,0.2774,0.1503,0.0829,0.0943,0.0927
Bukomansimbi,UGA,Uganda,750,0.4172,0.4415,0.4435,0.415,0.3742,0.3406,0.3376,0.3686,0.4457,0.5324,0.5083,0.4045,0.2708,0.1696,0.188,0.1778
Bukwo,UGA,Uganda,751,0.3658,0.4394,0.4296,0.3915,0.2651,0.1719,0.1121,0.078,0.0628,0.0627,0.0635,0.0598,0.077,0.0886,0.1019,0.0965
Bulambuli,UGA,Uganda,752,0.6741,0.7609,0.7722,0.7363,0.6099,0.4636,0.3621,0.2856,0.2734,0.2971,0.2765,0.2362,0.2254,0.2093,0.2311,0.2101
Buliisa,UGA,Uganda,753,0.6952,0.6934,0.68,0.6611,0.6299,0.6041,0.576,0.5383,0.5206,0.5051,0.4224,0.3319,0.2544,0.1944,0.1992,0.1782
Bundibugyo,UGA,Uganda,754,0.4751,0.4834,0.4829,0.4707,0.452,0.4336,0.3961,0.329,0.2956,0.2802,0.2308,0.1916,0.1749,0.1551,0.1641,0.1564
Bushenyi,UGA,Uganda,755,0.451,0.4748,0.4835,0.4638,0.4422,0.4038,0.3498,0.2687,0.2096,0.1708,0.1281,0.1049,0.0955,0.09,0.0978,0.0927
Buyende,UGA,Uganda,756,0.6035,0.6692,0.6905,0.6742,0.6132,0.5528,0.5329,0.5333,0.6076,0.6732,0.6194,0.4962,0.3388,0.2146,0.2288,0.2155
Butambala,UGA,Uganda,757,0.3845,0.4208,0.4352,0.4127,0.3611,0.3197,0.2837,0.2646,0.2902,0.3332,0.3077,0.2549,0.2023,0.1535,0.1723,0.1649
Iganga,UGA,Uganda,758,0.5691,0.6981,0.7523,0.7557,0.7085,0.6582,0.6415,0.6543,0.7173,0.7761,0.7186,0.5687,0.3656,0.2098,0.2184,0.214
Kalungu,UGA,Uganda,759,0.4002,0.4251,0.4284,0.3992,0.3474,0.3172,0.2998,0.3086,0.3636,0.4323,0.4148,0.3283,0.2384,0.1592,0.1773,0.1685
Kamuli,UGA,Uganda,760,0.4949,0.5755,0.617,0.6237,0.5997,0.5745,0.5692,0.5832,0.6513,0.7053,0.6448,0.4949,0.3069,0.1775,0.1923,0.1842
Kapchorwa,UGA,Uganda,761,0.6182,0.7062,0.7082,0.6758,0.5416,0.4051,0.3118,0.2378,0.2211,0.2332,0.2148,0.1841,0.1794,0.1709,0.1863,0.171
Sheema,UGA,Uganda,762,0.4588,0.4832,0.492,0.4713,0.4435,0.403,0.347,0.2717,0.2143,0.1756,0.1316,0.1024,0.0903,0.0835,0.091,0.0854
Kitgum,UGA,Uganda,763,0.5826,0.5782,0.5527,0.5219,0.4677,0.4161,0.3888,0.3537,0.3575,0.3771,0.3329,0.2658,0.2178,0.1703,0.183,0.1689
Kole,UGA,Uganda,764,0.7222,0.7324,0.7135,0.6724,0.5957,0.5299,0.504,0.5075,0.5783,0.6571,0.6258,0.5215,0.3902,0.2755,0.2834,0.2631
Kotido,UGA,Uganda,765,0.3465,0.3674,0.3609,0.3425,0.3017,0.2654,0.2335,0.2021,0.204,0.2249,0.1991,0.1581,0.1289,0.1002,0.104,0.1074
Kween,UGA,Uganda,766,0.3554,0.4171,0.4125,0.3855,0.2786,0.1955,0.1397,0.1021,0.0875,0.0894,0.0849,0.0732,0.0812,0.0838,0.093,0.0881
Lamwo,UGA,Uganda,767,0.6096,0.6035,0.5795,0.5515,0.5005,0.4512,0.4193,0.3768,0.372,0.3799,0.3296,0.2684,0.2288,0.1889,0.2097,0.1855
Luuka,UGA,Uganda,768,0.5085,0.6163,0.6689,0.6782,0.6473,0.6149,0.6129,0.6316,0.6932,0.7528,0.6909,0.5324,0.3271,0.1822,0.1978,0.1885
Manafwa,UGA,Uganda,769,0.7481,0.8574,0.882,0.8538,0.7377,0.5567,0.4332,0.359,0.3681,0.4226,0.3979,0.3365,0.2936,0.2393,0.2605,0.2428
Masaka,UGA,Uganda,770,0.3882,0.406,0.4058,0.3778,0.3284,0.2964,0.2745,0.2846,0.3438,0.417,0.3891,0.2983,0.202,0.1308,0.1448,0.1394
Masindi,UGA,Uganda,771,0.6968,0.7033,0.6921,0.6618,0.6137,0.5676,0.5353,0.5034,0.5129,0.5287,0.469,0.3787,0.2902,0.2174,0.2232,0.2022
Moroto,UGA,Uganda,772,0.3101,0.338,0.338,0.3172,0.2656,0.2257,0.1888,0.1496,0.1375,0.1399,0.1188,0.0976,0.0969,0.091,0.0946,0.0976
Nakapiripirit,UGA,Uganda,773,0.4698,0.5118,0.5085,0.4791,0.4051,0.3313,0.2725,0.214,0.1866,0.1846,0.1601,0.1353,0.1389,0.1389,0.1457,0.1428
Namutumba,UGA,Uganda,774,0.6788,0.7903,0.8304,0.8249,0.7655,0.6938,0.657,0.6566,0.7195,0.7775,0.7246,0.598,0.4208,0.2661,0.2802,0.2679
Napak,UGA,Uganda,775,0.3889,0.4258,0.4198,0.3955,0.3355,0.2818,0.2401,0.205,0.2036,0.2183,0.191,0.1492,0.1292,0.11,0.1166,0.1148
Nebbi,UGA,Uganda,776,0.7167,0.7058,0.6942,0.674,0.6567,0.6308,0.5964,0.5373,0.4857,0.433,0.3394,0.2643,0.2134,0.182,0.1816,0.1652
Ngora,UGA,Uganda,777,0.6515,0.7231,0.7359,0.7007,0.6038,0.4996,0.4412,0.3899,0.4231,0.4747,0.434,0.3569,0.2848,0.2128,0.2221,0.2133
Buhweju,UGA,Uganda,778,0.3825,0.4042,0.4098,0.3852,0.3622,0.3308,0.2709,0.2083,0.1639,0.1387,0.1049,0.0826,0.0704,0.0641,0.0716,0.0679
Ntoroko,UGA,Uganda,779,0.4577,0.4677,0.4667,0.463,0.4405,0.422,0.385,0.3245,0.2968,0.2787,0.2325,0.194,0.1821,0.1573,0.1671,0.1583
Maracha,UGA,Uganda,780,0.754,0.7319,0.7128,0.688,0.6636,0.6457,0.6345,0.6151,0.602,0.5927,0.5064,0.39,0.2699,0.191,0.1986,0.1758
Otuke,UGA,Uganda,781,0.6119,0.6314,0.6122,0.5867,0.5164,0.4499,0.4238,0.4006,0.4445,0.5004,0.4568,0.3582,0.2635,0.1877,0.1971,0.184
Oyam,UGA,Uganda,782,0.7321,0.7413,0.7225,0.6897,0.6221,0.5655,0.537,0.5381,0.6014,0.6684,0.6296,0.5286,0.3971,0.2882,0.2953,0.2728
Pader,UGA,Uganda,783,0.664,0.6709,0.6523,0.6254,0.5693,0.5167,0.493,0.4667,0.4995,0.5408,0.4883,0.3917,0.2974,0.2191,0.2341,0.2114
Rubirizi,UGA,Uganda,784,0.4389,0.4591,0.4666,0.4611,0.4387,0.4182,0.3684,0.2946,0.243,0.2078,0.1584,0.1261,0.1116,0.0989,0.1107,0.102
Sironko,UGA,Uganda,785,0.7246,0.8126,0.8246,0.7886,0.6644,0.5006,0.3938,0.3159,0.3074,0.3393,0.3171,0.2787,0.2648,0.2407,0.261,0.2432
Soroti,UGA,Uganda,786,0.629,0.6846,0.6869,0.6485,0.5485,0.4408,0.3897,0.3546,0.3935,0.459,0.4298,0.3466,0.2666,0.1971,0.1997,0.1958
Zombo,UGA,Uganda,787,0.774,0.7628,0.7492,0.7462,0.7449,0.7363,0.7215,0.6681,0.6036,0.5355,0.4177,0.3121,0.2355,0.198,0.1933,0.1741
Bukedea,UGA,Uganda,788,0.7314,0.8074,0.8207,0.7909,0.6905,0.5612,0.4755,0.4023,0.4129,0.4473,0.4151,0.3519,0.3113,0.2537,0.2608,0.2553
Dokolo,UGA,Uganda,789,0.6691,0.6993,0.6856,0.6379,0.5336,0.4335,0.3869,0.376,0.4419,0.5224,0.4987,0.4058,0.3021,0.2127,0.226,0.2079
Agago,UGA,Uganda,790,0.5743,0.5837,0.5617,0.5361,0.4753,0.4194,0.3899,0.3594,0.3896,0.4289,0.3849,0.2987,0.2269,0.167,0.1795,0.166
Adamaoua,CMR,Cameroon,815,0.4339,0.4434,0.4564,0.4612,0.4644,0.4609,0.4262,0.3972,0.3452,0.3088,0.2905,0.2644,0.2569,0.2695,0.2585,0.2609
Centre,CMR,Cameroon,816,0.5875,0.5956,0.5878,0.5641,0.5249,0.471,0.4037,0.3403,0.2813,0.24,0.2251,0.2115,0.2182,0.2556,0.2432,0.2463
Est,CMR,Cameroon,817,0.5997,0.6023,0.5969,0.5862,0.5731,0.549,0.5119,0.4715,0.4289,0.3933,0.3792,0.3547,0.3395,0.3591,0.3405,0.3435
ExtrÃªme - Nord,CMR,Cameroon,818,0.1881,0.1958,0.2042,0.2097,0.2104,0.2158,0.1798,0.1786,0.178,0.1881,0.206,0.2053,0.2172,0.207,0.1985,0.2032
Littoral,CMR,Cameroon,819,0.4786,0.5121,0.536,0.5499,0.5518,0.5326,0.4772,0.4029,0.3087,0.2286,0.177,0.1351,0.1136,0.132,0.1264,0.1273
Nord,CMR,Cameroon,820,0.3364,0.352,0.3615,0.3599,0.3495,0.3284,0.2809,0.2524,0.2171,0.1986,0.1979,0.193,0.2169,0.2378,0.2339,0.2347
Nord - Ouest,CMR,Cameroon,821,0.3146,0.2997,0.3267,0.395,0.5214,0.6338,0.634,0.5917,0.4759,0.3372,0.2323,0.1559,0.1154,0.1189,0.1157,0.1162
Ouest,CMR,Cameroon,822,0.3024,0.3007,0.3252,0.367,0.4458,0.511,0.4956,0.4514,0.3673,0.2745,0.2051,0.1439,0.1069,0.1057,0.1017,0.102
Sud,CMR,Cameroon,823,0.6674,0.6692,0.6677,0.6568,0.6519,0.6247,0.5801,0.5203,0.4385,0.3684,0.333,0.2997,0.2899,0.3245,0.3115,0.3125
Sud - Ouest,CMR,Cameroon,824,0.489,0.5158,0.5394,0.5671,0.5953,0.6102,0.5863,0.546,0.4816,0.4105,0.344,0.2645,0.1949,0.189,0.1797,0.1825
Alebtong,UGA,Uganda,852,0.6487,0.6732,0.6606,0.6241,0.5468,0.4717,0.4362,0.4213,0.478,0.549,0.5101,0.413,0.3077,0.2181,0.2279,0.2137
Bamingui-bangora,CAF,Central African Republic,853,0.3353,0.3394,0.345,0.3481,0.3469,0.3537,0.3552,0.2971,0.2531,0.2398,0.2293,0.2078,0.2057,0.2054,0.2066,0.1832
Basse Kotto,CAF,Central African Republic,854,0.7006,0.6972,0.7047,0.7269,0.7507,0.773,0.7764,0.7514,0.7029,0.6469,0.5832,0.5274,0.5011,0.4857,0.4465,0.3993
Haut-mboumou,CAF,Central African Republic,855,0.5479,0.5468,0.5514,0.563,0.5719,0.5851,0.5868,0.5567,0.5117,0.4859,0.4663,0.4417,0.4412,0.442,0.4122,0.3826
Hautte-kotto,CAF,Central African Republic,856,0.4241,0.426,0.4278,0.4289,0.4242,0.4251,0.4276,0.381,0.3344,0.3211,0.3123,0.3068,0.3211,0.3281,0.309,0.2842
Kemo,CAF,Central African Republic,857,0.5964,0.5928,0.6017,0.6155,0.6366,0.6595,0.6625,0.6302,0.5742,0.5272,0.4826,0.4442,0.4247,0.4163,0.377,0.343
Lobaye,CAF,Central African Republic,858,0.6848,0.692,0.7054,0.7278,0.7528,0.7708,0.773,0.7426,0.6885,0.6298,0.5579,0.4773,0.4122,0.3771,0.3499,0.3141
Mambere-kadei,CAF,Central African Republic,859,0.461,0.4643,0.466,0.4695,0.4701,0.4716,0.466,0.409,0.3488,0.3205,0.2962,0.2747,0.2795,0.2911,0.2695,0.2489
Mbomou,CAF,Central African Republic,860,0.5793,0.5861,0.5967,0.6072,0.6185,0.6289,0.6296,0.5915,0.5381,0.5028,0.475,0.4625,0.4883,0.4965,0.4661,0.4259
Nana Grebizi,CAF,Central African Republic,861,0.4669,0.4786,0.4896,0.4947,0.4904,0.4863,0.4751,0.425,0.3661,0.334,0.3133,0.2828,0.2734,0.2791,0.2674,0.2389
Nana Mambere,CAF,Central African Republic,862,0.4163,0.418,0.422,0.4211,0.4198,0.4202,0.4141,0.3553,0.302,0.2819,0.266,0.249,0.2514,0.2642,0.2492,0.2322
Ombella-mpoko,CAF,Central African Republic,863,0.6612,0.6616,0.6825,0.7249,0.7783,0.82,0.8334,0.8153,0.7711,0.7128,0.6466,0.5694,0.4981,0.4551,0.4236,0.3915
Ouaka,CAF,Central African Republic,864,0.5784,0.5745,0.5803,0.5938,0.6095,0.6281,0.6352,0.6047,0.5574,0.522,0.4822,0.449,0.4349,0.4259,0.3919,0.3566
Ouham,CAF,Central African Republic,865,0.3747,0.3797,0.3842,0.3906,0.3865,0.3879,0.3811,0.3218,0.2757,0.2559,0.2492,0.2367,0.2498,0.2592,0.2512,0.228
Ouham-pende,CAF,Central African Republic,866,0.3177,0.325,0.3326,0.3361,0.3356,0.3367,0.3315,0.272,0.2224,0.2072,0.2042,0.2,0.2205,0.2373,0.2324,0.2136
Sangha Mbaere,CAF,Central African Republic,867,0.5048,0.5106,0.5119,0.5144,0.5167,0.5143,0.515,0.4812,0.4352,0.4127,0.3864,0.355,0.3455,0.3364,0.3106,0.2844
Vakaga,CAF,Central African Republic,868,0.2624,0.2584,0.2606,0.2651,0.2745,0.2891,0.3008,0.2311,0.1897,0.18,0.1805,0.1776,0.1956,0.2061,0.2164,0.1939
Biltine,TCD,Chad,870,0.0776,0.0808,0.0819,0.0787,0.0751,0.0756,0.074,0.0511,0.0474,0.0466,0.0456,0.0418,0.0409,0.0413,0.041,0.0422
Guera,TCD,Chad,873,0.1556,0.1556,0.1564,0.1576,0.1553,0.1579,0.1576,0.1197,0.1116,0.111,0.1088,0.1013,0.1025,0.1022,0.0984,0.098
Lac,TCD,Chad,875,0.2248,0.2307,0.2334,0.228,0.2134,0.2065,0.1954,0.1489,0.1297,0.1154,0.1074,0.0988,0.0951,0.0992,0.0969,0.0953
Logone Occidental,TCD,Chad,876,0.073,0.0788,0.0842,0.0891,0.0942,0.1105,0.1257,0.1054,0.1063,0.1103,0.1097,0.0966,0.0949,0.0872,0.0823,0.084
Salamat,TCD,Chad,881,0.2116,0.2184,0.2212,0.2226,0.2195,0.2192,0.2222,0.1875,0.1784,0.1758,0.1669,0.146,0.1306,0.118,0.1177,0.1102
Bouenza,COG,Congo,970,0.3385,0.3463,0.3475,0.3397,0.323,0.3075,0.2351,0.2056,0.1872,0.1782,0.1631,0.1434,0.1174,0.1028,0.0956,0.0958
Cuvette,COG,Congo,971,0.4026,0.4136,0.4231,0.4291,0.4252,0.4185,0.3808,0.3335,0.2834,0.2425,0.2078,0.1771,0.1361,0.1146,0.1021,0.0934
Cuvette Ovest,COG,Congo,972,0.4503,0.4522,0.4505,0.4417,0.4246,0.4085,0.3635,0.3131,0.2735,0.2475,0.2314,0.2206,0.1976,0.183,0.1658,0.16
Kouilou,COG,Congo,973,0.3111,0.3152,0.316,0.3124,0.3011,0.2913,0.2381,0.2028,0.1742,0.1592,0.1563,0.1572,0.1625,0.1695,0.1566,0.1518
Lekoumou,COG,Congo,974,0.4396,0.4377,0.4272,0.4105,0.3836,0.3623,0.3035,0.2649,0.2403,0.2273,0.2147,0.1964,0.1663,0.144,0.1277,0.1211
Likouala,COG,Congo,975,0.636,0.6362,0.6384,0.6457,0.6657,0.6755,0.6698,0.6459,0.5986,0.5351,0.4563,0.36,0.2227,0.15,0.1192,0.0921
Niari,COG,Congo,976,0.3927,0.3931,0.3952,0.3917,0.3854,0.3805,0.3317,0.2974,0.2678,0.2504,0.2359,0.2207,0.1941,0.1734,0.1547,0.1502
Plateaux,COG,Congo,977,0.3868,0.3846,0.3842,0.3826,0.3749,0.3678,0.3278,0.2847,0.2438,0.2104,0.1833,0.1562,0.1195,0.1025,0.0941,0.0872
Pool,COG,Congo,978,0.3659,0.3649,0.3619,0.3577,0.3449,0.3298,0.2657,0.2206,0.1861,0.1653,0.1545,0.1538,0.147,0.1312,0.1246,0.1217
Sangha,COG,Congo,979,0.545,0.5443,0.527,0.4843,0.4343,0.3808,0.3386,0.301,0.2792,0.2712,0.2718,0.2809,0.2607,0.2383,0.2019,0.1773
Bas Sassandra,CIV,Côte d'Ivoire,1040,0.657,0.6773,0.6726,0.6543,0.6227,0.5859,0.5623,0.549,0.5489,0.5514,0.5479,0.5137,0.4903,0.485,0.4394,0.4203
Denguele,CIV,Côte d'Ivoire,1041,0.6053,0.6109,0.6119,0.608,0.6029,0.5922,0.5836,0.5797,0.5768,0.575,0.5662,0.5377,0.5258,0.5095,0.4586,0.431
Savanes,CIV,Côte d'Ivoire,1048,0.6942,0.6906,0.674,0.6533,0.6195,0.5873,0.5687,0.5695,0.5696,0.5687,0.547,0.4869,0.4207,0.3863,0.3415,0.3197
Vallee Du Bandama,CIV,Côte d'Ivoire,1051,0.7838,0.7822,0.772,0.7523,0.7177,0.6807,0.6512,0.6482,0.6527,0.6549,0.6287,0.5674,0.4828,0.4357,0.3972,0.3728
Zanzan,CIV,Côte d'Ivoire,1053,0.6115,0.6122,0.6074,0.5919,0.5685,0.5383,0.518,0.515,0.5204,0.5263,0.5003,0.4329,0.3603,0.328,0.2921,0.2689
Arua,UGA,Uganda,1057,0.7415,0.7226,0.7041,0.6842,0.6578,0.6417,0.6233,0.5861,0.5631,0.5344,0.4455,0.3377,0.2415,0.1813,0.1823,0.1636
Bandundu,COD,Democratic Republic of the Congo,1066,0.6297,0.6306,0.6479,0.6821,0.7214,0.75,0.7426,0.7098,0.6322,0.5151,0.391,0.2772,0.1845,0.1648,0.1453,0.1227
Bas-Congo,COD,Democratic Republic of the Congo,1067,0.5718,0.5669,0.5705,0.5821,0.5841,0.5942,0.593,0.5858,0.568,0.5277,0.4748,0.4112,0.3298,0.2898,0.2515,0.2204
Equateur,COD,Democratic Republic of the Congo,1068,0.7401,0.7372,0.7443,0.7655,0.7964,0.8203,0.8282,0.8256,0.8077,0.7574,0.6718,0.5329,0.3418,0.2644,0.2331,0.2009
Kasai-Occidental,COD,Democratic Republic of the Congo,1069,0.637,0.6414,0.6547,0.6821,0.7167,0.747,0.7539,0.7522,0.7179,0.6579,0.5918,0.5059,0.4003,0.3546,0.3238,0.2898
Kasai-Oriental,COD,Democratic Republic of the Congo,1070,0.5219,0.5281,0.5413,0.5609,0.5842,0.6085,0.6154,0.6189,0.5906,0.5423,0.4873,0.4163,0.3225,0.2796,0.2514,0.2194
Katanga,COD,Democratic Republic of the Congo,1071,0.5358,0.5368,0.5406,0.5467,0.5435,0.5477,0.5489,0.5496,0.54,0.5181,0.4904,0.4458,0.3944,0.3681,0.3415,0.3022
Kinshasa,COD,Democratic Republic of the Congo,1072,0.3426,0.34,0.3457,0.3505,0.3364,0.3337,0.3255,0.3071,0.272,0.2382,0.2161,0.203,0.1944,0.1862,0.1684,0.1512
Maniema,COD,Democratic Republic of the Congo,1073,0.496,0.5019,0.5095,0.5226,0.5331,0.5512,0.5524,0.5474,0.5168,0.482,0.4598,0.4363,0.4121,0.4053,0.3707,0.3282
Nord-Kivu,COD,Democratic Republic of the Congo,1074,0.2816,0.2879,0.2931,0.2912,0.2717,0.2628,0.2537,0.2416,0.2154,0.1899,0.1686,0.1347,0.101,0.0885,0.0795,0.0685
Province Orientale,COD,Democratic Republic of the Congo,1075,0.7445,0.7374,0.7418,0.7593,0.7878,0.8074,0.8159,0.8159,0.8015,0.7636,0.7139,0.6343,0.5151,0.4507,0.4105,0.3639
Sud-Kivu,COD,Democratic Republic of the Congo,1076,0.2219,0.2232,0.2282,0.234,0.2197,0.2228,0.2188,0.2083,0.1855,0.1608,0.1431,0.1235,0.1071,0.1031,0.0941,0.081
Bududa,UGA,Uganda,1080,0.728,0.8243,0.8401,0.8017,0.666,0.4844,0.3693,0.2977,0.2912,0.335,0.3176,0.2767,0.2628,0.235,0.2652,0.2396
Buvuma,UGA,Uganda,1082,0.3999,0.4803,0.5238,0.5237,0.4866,0.4514,0.4468,0.446,0.5163,0.5811,0.5107,0.376,0.2251,0.13,0.1527,0.1396
Gomba,UGA,Uganda,1086,0.4428,0.4736,0.4784,0.4505,0.4079,0.3733,0.364,0.3583,0.4142,0.4739,0.4495,0.3677,0.2701,0.1855,0.2057,0.1941
Gulu,UGA,Uganda,1089,0.6731,0.6845,0.6738,0.6527,0.6081,0.5645,0.5428,0.5293,0.5654,0.6083,0.5512,0.4532,0.3455,0.259,0.2655,0.2493
Ali Sabieh,DJI,Djibouti,1093,0.0039,0.0046,0.005,0.0048,0.0031,0.0024,0.0017,0.001,0.0006,0.0004,0.0004,0.0005,0.0009,0.0016,0.0016,0.0016
Dikhil,DJI,Djibouti,1094,0.001,0.001,0.0011,0.0011,0.0007,0.0007,0.0006,0.0004,0.0003,0.0002,0.0002,0.0002,0.0003,0.0003,0.0003,0.0003
Djibouti,DJI,Djibouti,1095,0.0005,0.0006,0.0006,0.0006,0.0004,0.0003,0.0002,0.0002,0.0001,0.0001,0.0001,0.0001,0.0002,0.0003,0.0003,0.0003
Obock,DJI,Djibouti,1096,0.0756,0.0798,0.0848,0.0855,0.0555,0.051,0.0417,0.028,0.0166,0.0114,0.0102,0.0118,0.0202,0.0334,0.0331,0.0337
Tadjourah,DJI,Djibouti,1097,0.0519,0.0572,0.0617,0.061,0.0369,0.0306,0.0224,0.0137,0.0073,0.0048,0.0044,0.0054,0.0102,0.0192,0.0192,0.0195
Annobon,GNQ,Equatorial Guinea,1198,,,,,,,,,,,,,,,,
Bioko Norte,GNQ,Equatorial Guinea,1199,,,,0.4392,0.3867,0.3244,,,0.1772,,0.15,0.201,0.1807,0.1905,,0.1531
Bioko Sur,GNQ,Equatorial Guinea,1200,,,,0.4321,0.3642,0.2851,,,0.1399,,0.1271,0.1846,0.1796,0.1976,,0.1573
Centro Sur,GNQ,Equatorial Guinea,1201,0.5501,0.4817,0.4768,0.5107,0.6028,0.6703,0.685,0.6385,0.4815,0.3099,0.2992,0.343,0.3009,0.3024,0.3418,0.3151
Kientem,GNQ,Equatorial Guinea,1202,0.5552,0.5155,0.5121,0.5218,0.562,0.5779,0.5651,0.5078,0.38,0.2549,0.2693,0.3323,0.3126,0.3195,0.3554,0.3362
Litoral,GNQ,Equatorial Guinea,1203,0.6565,0.6488,0.6692,0.7079,0.7632,0.7848,0.7606,0.6676,0.4446,0.2362,0.2107,0.2511,0.2418,0.2693,0.2975,0.2791
Welenzas,GNQ,Equatorial Guinea,1204,0.5464,0.4905,0.485,0.5034,0.5716,0.6164,0.6298,0.5906,0.4687,0.3346,0.3485,0.407,0.3617,0.3473,0.3867,0.3627
Anseba,ERI,Eritrea,1205,0.009,0.0089,0.0069,0.0077,0.0083,0.0096,0.0103,0.0097,0.0088,0.0084,0.0085,0.0079,0.0083,0.009,0.0089,0.009
Archipelagos,ERI,Eritrea,1206,0.023,0.0233,0.0166,0.0178,0.0187,0.0221,0.0241,0.0239,0.0234,0.0241,0.0234,0.0166,0.0194,0.0211,0.0206,0.0209
Debub,ERI,Eritrea,1207,0.0229,0.0237,0.0174,0.0188,0.0191,0.0202,0.0205,0.0187,0.0165,0.0151,0.0145,0.0124,0.0117,0.0117,0.0118,0.0118
Debubawi Keih Bahri,ERI,Eritrea,1208,0.0502,0.053,0.0396,0.0413,0.0392,0.0387,0.0363,0.031,0.0252,0.0234,0.0219,0.0195,0.0198,0.0224,0.0222,0.0223
Gash Barka,ERI,Eritrea,1209,0.0546,0.0531,0.0354,0.034,0.0301,0.0276,0.0254,0.0225,0.0197,0.0182,0.0177,0.016,0.0161,0.0167,0.0165,0.0168
Maekel,ERI,Eritrea,1210,0.01,0.0099,0.0076,0.0085,0.0095,0.0112,0.0123,0.0114,0.0103,0.0098,0.0096,0.0085,0.0092,0.0099,0.0098,0.01
Semenawi Keih Bahri,ERI,Eritrea,1211,0.0166,0.0167,0.0124,0.0134,0.0143,0.0161,0.0173,0.0168,0.0155,0.0155,0.015,0.0134,0.0136,0.0143,0.0141,0.0143
Addis Ababa,ETH,Ethiopia,1227,0.0009,0.001,0.0013,0.0016,0.0019,0.0023,0.0015,0.0012,0.0005,0.0002,0.0002,0.0001,0.0002,0.0001,0.0001,0.0001
Afar,ETH,Ethiopia,1228,0.0289,0.034,0.0379,0.04,0.0385,0.0386,0.0229,0.0182,0.01,0.0057,0.005,0.0046,0.0053,0.0051,0.0047,0.0048
Amhara,ETH,Ethiopia,1229,0.0278,0.0313,0.0329,0.0336,0.0317,0.0308,0.0176,0.0132,0.0069,0.0036,0.0029,0.0026,0.0029,0.0028,0.0029,0.0027
Benishangul Gumuz,ETH,Ethiopia,1230,0.0902,0.0892,0.0869,0.0808,0.0753,0.0728,0.0495,0.0371,0.0209,0.011,0.0084,0.0064,0.0054,0.0047,0.0053,0.0046
Dire Dawa,ETH,Ethiopia,1231,0.0261,0.0313,0.0366,0.0398,0.0413,0.0424,0.0245,0.0192,0.0101,0.0053,0.0042,0.0035,0.0037,0.0036,0.0033,0.0034
Gambella,ETH,Ethiopia,1232,0.1083,0.1095,0.102,0.0799,0.0592,0.0451,0.0266,0.021,0.0145,0.0099,0.01,0.0109,0.014,0.0143,0.0152,0.0137
Harari,ETH,Ethiopia,1233,0.0229,0.0273,0.0356,0.0383,0.0431,0.0477,0.0313,0.0256,0.0133,0.0068,0.0047,0.0034,0.003,0.0029,0.0026,0.0026
Kiboga,UGA,Uganda,1234,0.5216,0.5491,0.5519,0.5322,0.4883,0.4541,0.4328,0.4134,0.4629,0.5011,0.4587,0.37,0.2848,0.2084,0.2195,0.2105
Kibuku,UGA,Uganda,1235,0.7339,0.8206,0.8465,0.8305,0.7587,0.6635,0.6082,0.5823,0.6328,0.6932,0.6445,0.5394,0.4108,0.2912,0.3053,0.2917
SNNP,ETH,Ethiopia,1236,0.0434,0.0488,0.0518,0.0519,0.0495,0.0474,0.0272,0.0205,0.0107,0.0058,0.0048,0.0041,0.0046,0.0044,0.0041,0.004
Tigray,ETH,Ethiopia,1237,0.0259,0.0308,0.0336,0.0335,0.0288,0.0255,0.0146,0.0116,0.0068,0.0039,0.0035,0.0033,0.0037,0.0033,0.0031,0.0032
Kiryandongo,UGA,Uganda,1241,0.7088,0.7214,0.7065,0.6688,0.6,0.5329,0.4917,0.4762,0.5115,0.5613,0.5192,0.4361,0.3376,0.2505,0.2579,0.2361
Kumi,UGA,Uganda,1261,0.6717,0.7462,0.7604,0.7299,0.6362,0.5318,0.4715,0.4157,0.4404,0.4862,0.4446,0.3704,0.3024,0.2316,0.2389,0.2324
Estuaire,GAB,Gabon,1275,0.4653,0.404,0.3396,0.2603,0.1804,0.1236,0.0919,0.0733,0.0762,0.1005,0.13,0.1541,0.1906,0.232,0.2469,0.2605
Haut-Ogooue,GAB,Gabon,1276,0.2936,0.2885,0.2724,0.2261,0.181,0.1409,0.1055,0.0799,0.0727,0.0831,0.0936,0.0951,0.1032,0.1234,0.1343,0.1459
Moyen-Ogooue,GAB,Gabon,1277,0.4267,0.3953,0.3509,0.2786,0.2039,0.1387,0.0953,0.0678,0.0636,0.0798,0.1026,0.1224,0.1564,0.2016,0.2215,0.238
Ngounie,GAB,Gabon,1278,0.3856,0.3572,0.3087,0.2336,0.157,0.1022,0.0726,0.0578,0.0638,0.0924,0.1241,0.1412,0.1618,0.1941,0.2099,0.2291
Nyanga,GAB,Gabon,1279,0.3103,0.2955,0.2816,0.245,0.2118,0.1802,0.1454,0.1125,0.1006,0.1118,0.1269,0.1303,0.1432,0.1688,0.1824,0.1969
Ogooue-Ivindo,GAB,Gabon,1280,0.3561,0.3396,0.3039,0.2257,0.1527,0.0971,0.0658,0.0497,0.051,0.0712,0.0964,0.1154,0.1384,0.1747,0.1917,0.211
Ogooue-lolo,GAB,Gabon,1281,0.3411,0.3286,0.2929,0.211,0.1341,0.0817,0.0539,0.0424,0.0474,0.0725,0.0998,0.1152,0.1275,0.1485,0.1632,0.1775
Ogooue-Maritime,GAB,Gabon,1282,0.2978,0.2876,0.2659,0.2163,0.1626,0.1218,0.0901,0.0645,0.0543,0.0608,0.0753,0.0885,0.1194,0.158,0.1747,0.1846
Woleu-Ntem,GAB,Gabon,1283,0.3173,0.2797,0.2467,0.1981,0.164,0.1355,0.1116,0.0937,0.0948,0.1178,0.1441,0.1544,0.166,0.1936,0.219,0.2313
Banjul,GMB,Gambia,1284,0.1624,0.127,0.1073,0.096,0.063,0.0553,0.0525,0.0514,0.0516,0.0345,0.0291,0.0273,0.0181,0.014,0.0146,0.0111
Central River,GMB,Gambia,1285,0.4025,0.3459,0.2881,0.2385,0.1612,0.1075,0.0746,0.053,0.0415,0.0229,0.0191,0.0189,0.0163,0.0161,0.0141,0.0117
Kombo Saint Mary,GMB,Gambia,1286,0.1001,0.0787,0.0694,0.0624,0.0413,0.0371,0.0369,0.0359,0.0367,0.0238,0.0205,0.0187,0.0125,0.0094,0.0087,0.0075
Lower River,GMB,Gambia,1287,0.4737,0.3789,0.2982,0.2436,0.1743,0.1238,0.0864,0.0571,0.0415,0.0215,0.0174,0.0174,0.016,0.0171,0.0153,0.0124
North Bank,GMB,Gambia,1288,0.2881,0.2213,0.1732,0.1441,0.0983,0.071,0.0525,0.0385,0.032,0.018,0.0148,0.0142,0.0115,0.0108,0.0094,0.008
Upper River,GMB,Gambia,1289,0.3445,0.322,0.2867,0.2416,0.1601,0.1008,0.0682,0.0496,0.0399,0.0243,0.0219,0.024,0.0229,0.0243,0.0215,0.0179
Western,GMB,Gambia,1290,0.1653,0.1255,0.1037,0.0915,0.0611,0.0526,0.0504,0.047,0.048,0.0316,0.0271,0.0248,0.0166,0.0126,0.0114,0.0098
Ashanti,GHA,Ghana,1324,0.4125,0.3672,0.3417,0.3298,0.3389,0.3259,0.3173,0.3139,0.3107,0.3364,0.3713,0.3537,0.3091,0.2756,0.2448,0.2227
Brong Ahafo,GHA,Ghana,1325,0.6838,0.6608,0.6414,0.6275,0.6198,0.5964,0.5641,0.5348,0.506,0.5228,0.5519,0.5294,0.4571,0.406,0.3571,0.3176
Central,GHA,Ghana,1326,0.5824,0.5399,0.4959,0.4535,0.4157,0.3851,0.3609,0.3575,0.3695,0.419,0.4853,0.4957,0.4591,0.4145,0.3681,0.34
Eastern,GHA,Ghana,1327,0.6208,0.5513,0.4871,0.4324,0.3872,0.3358,0.3051,0.2916,0.2989,0.3517,0.417,0.4273,0.3942,0.3637,0.3167,0.285
Greater Accra,GHA,Ghana,1328,0.3809,0.3052,0.2523,0.2047,0.1707,0.1252,0.0998,0.0844,0.0731,0.0761,0.0904,0.0948,0.1056,0.128,0.1124,0.1039
Northern,GHA,Ghana,1329,0.6793,0.6526,0.6368,0.6245,0.6197,0.6065,0.5966,0.61,0.6298,0.6698,0.6995,0.6451,0.517,0.3961,0.3398,0.3079
Upper East,GHA,Ghana,1330,0.6734,0.6407,0.6283,0.6294,0.6381,0.6492,0.6623,0.6894,0.7174,0.7604,0.7836,0.7155,0.5603,0.3936,0.3339,0.3016
Upper West,GHA,Ghana,1331,0.6707,0.6465,0.6274,0.617,0.599,0.5737,0.5777,0.6188,0.681,0.7643,0.8088,0.7716,0.6423,0.4797,0.419,0.3839
Volta,GHA,Ghana,1332,0.5888,0.5188,0.4644,0.4262,0.4071,0.371,0.3451,0.3254,0.309,0.3317,0.3718,0.3601,0.3121,0.2827,0.2366,0.2055
Western,GHA,Ghana,1333,0.7313,0.7379,0.7315,0.7218,0.7054,0.6768,0.6341,0.5848,0.5174,0.4861,0.4963,0.4794,0.45,0.4407,0.3896,0.3516
Kyankwanzi,UGA,Uganda,1344,0.6301,0.6463,0.6438,0.6245,0.5826,0.5462,0.5236,0.5002,0.5357,0.5599,0.508,0.415,0.3209,0.2322,0.2412,0.2263
Mitooma,UGA,Uganda,1360,0.4284,0.4515,0.4642,0.4454,0.4216,0.3915,0.3313,0.2492,0.194,0.1557,0.1177,0.0955,0.0889,0.0838,0.0934,0.0878
Kyegegwa,UGA,Uganda,1361,0.5758,0.586,0.5772,0.5638,0.5384,0.5136,0.5066,0.4829,0.5115,0.5357,0.4806,0.3881,0.2893,0.2075,0.222,0.2054
Kyenjojo,UGA,Uganda,1362,0.5791,0.5874,0.5802,0.567,0.5423,0.5112,0.4832,0.4239,0.4034,0.3905,0.3298,0.2741,0.2374,0.1999,0.2158,0.1957
Mpigi,UGA,Uganda,1363,0.3722,0.4063,0.419,0.3945,0.3415,0.2985,0.2474,0.2149,0.2197,0.2403,0.2159,0.1796,0.1546,0.1275,0.1447,0.139
Nwoya,UGA,Uganda,1364,0.7151,0.72,0.7096,0.6882,0.6517,0.617,0.5861,0.5532,0.5602,0.5696,0.5098,0.425,0.3392,0.2668,0.2733,0.2483
Serere,UGA,Uganda,1365,0.6533,0.7149,0.7269,0.6934,0.6002,0.5034,0.4482,0.4212,0.4693,0.5325,0.4876,0.3938,0.2986,0.2141,0.2251,0.2135
Lwengo,UGA,Uganda,1366,0.4042,0.4246,0.4335,0.4072,0.361,0.3283,0.3049,0.3236,0.3797,0.434,0.3935,0.2893,0.1855,0.1178,0.1307,0.1255
Mukono,UGA,Uganda,1367,0.3191,0.368,0.401,0.4041,0.3864,0.3682,0.3239,0.3034,0.3267,0.3508,0.296,0.212,0.1397,0.0951,0.1081,0.1056
Namayingo,UGA,Uganda,1368,0.6485,0.7651,0.7991,0.7742,0.6744,0.5552,0.4938,0.4839,0.5703,0.6598,0.6159,0.4939,0.3281,0.1994,0.2128,0.2025
Pallisa,UGA,Uganda,1369,0.7126,0.7921,0.812,0.7893,0.7063,0.6032,0.5422,0.5146,0.5576,0.613,0.5657,0.4698,0.3662,0.2654,0.2765,0.2657
Lira,UGA,Uganda,1370,0.6819,0.698,0.682,0.6424,0.568,0.4976,0.4677,0.4687,0.5374,0.6149,0.5791,0.4804,0.3576,0.2501,0.2565,0.244
Rakai,UGA,Uganda,1371,0.4104,0.4208,0.4185,0.3976,0.356,0.3377,0.3192,0.3246,0.3684,0.4138,0.363,0.2558,0.1604,0.1001,0.1112,0.1061
Lyantonde,UGA,Uganda,1372,0.422,0.4417,0.4482,0.4235,0.3892,0.3626,0.3367,0.3338,0.3708,0.4038,0.3491,0.2579,0.1722,0.1182,0.1278,0.1238
Kaolack,SEN,Senegal,1373,0.36,0.3094,0.2563,0.2125,0.1319,0.0882,0.0663,0.0532,0.0564,0.0614,0.0586,0.0447,0.0318,0.0245,0.0221,0.0212
Kedougou,SEN,Senegal,1374,0.5439,0.5909,0.5939,0.5691,0.4676,0.3691,0.2941,0.2451,0.2242,0.216,0.2075,0.1944,0.1847,0.1811,0.1761,0.1497
Kolda,SEN,Senegal,1375,0.503,0.46,0.4104,0.3709,0.2959,0.2275,0.1774,0.1378,0.1188,0.1092,0.1035,0.0961,0.0938,0.0955,0.09,0.0787
Sedhiou,SEN,Senegal,1376,0.5111,0.4061,0.319,0.258,0.1866,0.1351,0.1034,0.0776,0.0691,0.0639,0.0584,0.0501,0.0425,0.0431,0.0416,0.0351
Tambacounda,SEN,Senegal,1377,0.2908,0.2927,0.2861,0.275,0.2134,0.1753,0.1531,0.1407,0.1455,0.1531,0.1435,0.1158,0.0872,0.0688,0.0674,0.0592
Kaffrine,SEN,Senegal,1378,0.382,0.3423,0.3003,0.2647,0.19,0.1383,0.1087,0.0903,0.093,0.0941,0.0824,0.0572,0.0363,0.0259,0.0232,0.022
Bafata,GNB,Guinea-Bissau,1385,0.4695,0.411,0.3455,0.261,0.175,0.1142,0.0773,0.0591,0.0535,0.0557,0.0679,0.0847,0.1036,0.1235,0.1093,0.0923
Biombo,GNB,Guinea-Bissau,1386,0.4567,0.3508,0.2557,0.1621,0.093,0.0568,0.0387,0.0327,0.0357,0.0438,0.0532,0.0579,0.057,0.0578,0.0505,0.0432
Bolama/bijagos,GNB,Guinea-Bissau,1387,0.3862,0.3186,0.0778,0.0493,0.0912,0.0143,0.0092,0.0371,0.0378,0.0103,0.0139,0.0181,0.022,0.0249,0.0223,0.0181
Cacheu,GNB,Guinea-Bissau,1388,0.3706,0.2758,0.1993,0.1219,0.0705,0.0435,0.0297,0.0251,0.027,0.0318,0.0365,0.0374,0.033,0.0325,0.0296,0.0251
Gabu,GNB,Guinea-Bissau,1389,0.4048,0.3764,0.3457,0.2973,0.2454,0.198,0.163,0.1468,0.1435,0.144,0.1479,0.1389,0.1156,0.1036,0.0916,0.0782
Oio,GNB,Guinea-Bissau,1390,0.4949,0.4014,0.3142,0.2192,0.1405,0.0897,0.0596,0.0454,0.043,0.0451,0.0524,0.0581,0.0587,0.0643,0.057,0.0476
Quinara,GNB,Guinea-Bissau,1391,0.4854,0.4052,0.3127,0.2061,0.1121,0.0622,0.0388,0.0302,0.0318,0.0391,0.0547,0.0733,0.0933,0.1117,0.0979,0.082
Sector Autonomo De Bissau,GNB,Guinea-Bissau,1392,0.3972,0.2943,0.2079,0.124,0.0681,0.0403,0.0276,0.0234,0.0254,0.0316,0.0388,0.0429,0.0445,0.0469,0.0404,0.0371
Tombali,GNB,Guinea-Bissau,1393,0.4363,0.3754,0.3023,0.2051,0.1137,0.0648,0.0417,0.0335,0.0354,0.0438,0.0609,0.0816,0.1058,0.1277,0.1123,0.0958
Bomi,LBR,Liberia,1814,0.5916,0.5846,0.5664,0.5369,0.5012,0.447,0.3938,0.3555,0.3064,0.2718,0.2353,0.2411,0.2811,0.3495,0.3006,0.1918
Bong,LBR,Liberia,1815,0.5882,0.5883,0.5838,0.5689,0.5565,0.5315,0.5036,0.4911,0.4741,0.4436,0.3824,0.3448,0.3305,0.3531,0.31,0.1967
Gbarpolu,LBR,Liberia,1816,0.6651,0.6694,0.6582,0.6299,0.5872,0.5244,0.4694,0.4359,0.4008,0.3772,0.3406,0.3483,0.3894,0.4526,0.3983,0.2595
Grand Bassa,LBR,Liberia,1817,0.54,0.5301,0.5197,0.5072,0.4935,0.4655,0.4353,0.4077,0.3728,0.3394,0.2965,0.2951,0.3279,0.3851,0.3403,0.224
Grand Cape Mount,LBR,Liberia,1818,0.6197,0.6158,0.5982,0.5637,0.5208,0.4675,0.4191,0.3915,0.3562,0.334,0.3111,0.327,0.3839,0.4493,0.3923,0.2582
Grand Gedeh,LBR,Liberia,1819,0.6634,0.6742,0.6735,0.6517,0.6227,0.5774,0.5402,0.5108,0.4793,0.4478,0.3892,0.3693,0.3733,0.4227,0.3724,0.2436
Grand Kru,LBR,Liberia,1820,0.6053,0.6091,0.5967,0.5619,0.5148,0.4577,0.4272,0.4204,0.4303,0.4545,0.45,0.4785,0.5215,0.5716,0.5348,0.3864
Lofa,LBR,Liberia,1821,0.6372,0.6473,0.6478,0.6367,0.6138,0.5749,0.526,0.4898,0.4517,0.4146,0.3739,0.3745,0.4052,0.4586,0.4093,0.26
Margibi,LBR,Liberia,1822,0.4989,0.4887,0.4721,0.4528,0.4263,0.3795,0.3375,0.3012,0.2582,0.2284,0.1975,0.2006,0.2363,0.2982,0.2586,0.1636
Maryland,LBR,Liberia,1823,0.6309,0.6361,0.6242,0.594,0.5506,0.4944,0.4602,0.4458,0.4403,0.4447,0.4248,0.4299,0.4522,0.5013,0.4547,0.3197
Montserrado,LBR,Liberia,1824,0.4382,0.4295,0.4173,0.3975,0.3728,0.3287,0.2862,0.2448,0.1945,0.1599,0.127,0.1248,0.1519,0.2065,0.1772,0.1103
Nimba,LBR,Liberia,1825,0.6086,0.6171,0.6244,0.626,0.6323,0.621,0.6022,0.5804,0.5453,0.5008,0.4358,0.4056,0.4052,0.4386,0.3913,0.2546
Rivercess,LBR,Liberia,1826,0.5747,0.5671,0.5578,0.5378,0.5226,0.4922,0.4579,0.4217,0.3823,0.3438,0.3031,0.3156,0.367,0.4457,0.4,0.266
River Ghee,LBR,Liberia,1827,0.7177,0.7266,0.7132,0.667,0.6034,0.5242,0.469,0.4423,0.4318,0.4399,0.4253,0.4529,0.5094,0.5783,0.5307,0.3807
Sinoe,LBR,Liberia,1828,0.5575,0.5593,0.5516,0.5101,0.4763,0.436,0.4127,0.4022,0.4003,0.4009,0.385,0.4072,0.4511,0.5031,0.4715,0.3308
Central Region,MWI,Malawi,1888,0.3816,0.37,0.3634,0.3395,0.3195,0.3029,0.3338,0.3668,0.4167,0.4631,0.4194,0.3595,0.2875,0.1979,0.1899,0.1718
Northern Region,MWI,Malawi,1889,0.2773,0.2721,0.2688,0.2216,0.1914,0.1691,0.1651,0.1638,0.1684,0.1828,0.1666,0.1639,0.1689,0.1562,0.1525,0.1357
Southern Region,MWI,Malawi,1890,0.4488,0.4214,0.3827,0.3296,0.2817,0.2471,0.2637,0.2885,0.3401,0.3934,0.3515,0.28,0.1822,0.1144,0.1082,0.0922
Bamako,MLI,Mali,1926,0.3513,0.305,0.2812,0.2751,0.2807,0.2818,0.2104,0.1442,0.0813,0.0544,0.0514,0.0564,0.0844,0.1435,0.137,0.1316
Gao,MLI,Mali,1927,0.143,0.1343,0.1334,0.1339,0.1335,0.1468,0.1121,0.1166,0.1244,0.1429,0.1598,0.1526,0.1478,0.1377,0.1337,0.1368
Kayes,MLI,Mali,1928,0.4136,0.4181,0.4223,0.4328,0.4312,0.4266,0.3401,0.287,0.2351,0.2153,0.2341,0.2516,0.3043,0.345,0.341,0.3308
Kidal,MLI,Mali,1929,0.0971,0.0955,0.0958,0.0911,0.082,0.078,0.0513,0.0401,0.0291,0.0243,0.0245,0.0275,0.0396,0.0556,0.0533,0.0551
Koulikoro,MLI,Mali,1930,0.4538,0.43,0.4241,0.444,0.4723,0.4954,0.4363,0.3673,0.2801,0.2354,0.2489,0.2711,0.3487,0.4116,0.4012,0.3891
Mopti,MLI,Mali,1931,0.4726,0.4618,0.4632,0.475,0.4869,0.507,0.4482,0.4179,0.3801,0.3824,0.4399,0.5029,0.6241,0.657,0.6484,0.6466
Segou,MLI,Mali,1932,0.5366,0.5429,0.5616,0.5999,0.6428,0.6749,0.622,0.5613,0.4698,0.4144,0.4274,0.4411,0.5306,0.5598,0.5454,0.54
Sikasso,MLI,Mali,1933,0.6516,0.6492,0.646,0.6511,0.6509,0.6486,0.6139,0.5767,0.5191,0.495,0.5157,0.5215,0.5661,0.5783,0.5627,0.5484
Tombouctou,MLI,Mali,1934,0.2278,0.228,0.2328,0.2363,0.2318,0.2389,0.1796,0.1658,0.1553,0.162,0.1848,0.2019,0.2431,0.2529,0.2467,0.2514
Adrar,MRT,Mauritania,2004,0,0,0,0,0,0,0,0,0,0,0,0,0,0,0,0
Assaba,MRT,Mauritania,2005,0.0741,0.0767,0.0808,0.0823,0.0753,0.0756,0.0767,0.0688,0.0666,0.0639,0.0388,0.0362,0.0369,0.0383,0.0368,0.0402
Brakna,MRT,Mauritania,2006,0.1376,0.1426,0.1441,0.1331,0.1037,0.0837,0.0725,0.0631,0.0674,0.0674,0.0397,0.0307,0.0245,0.0213,0.0208,0.0229
Dakhlet Nouadhibou,MRT,Mauritania,2007,0,0,0,0,0,0,0,0,0,0,0,0,0,0,0,0
Gorgol,MRT,Mauritania,2008,0.0777,0.0798,0.0809,0.0742,0.058,0.0489,0.0446,0.0399,0.0414,0.0417,0.0242,0.0196,0.0159,0.0147,0.0138,0.0153
Guidimaka,MRT,Mauritania,2009,0.0798,0.0881,0.0956,0.0981,0.0921,0.0888,0.0837,0.0737,0.0668,0.0602,0.0344,0.0282,0.0244,0.0236,0.0225,0.0244
Hodh Ech Chargui,MRT,Mauritania,2010,0.0772,0.0802,0.0884,0.0936,0.0881,0.0941,0.1042,0.0963,0.0945,0.0945,0.0643,0.0663,0.0808,0.0831,0.0809,0.0876
Hodh El Gharbi,MRT,Mauritania,2011,0.0764,0.0764,0.0812,0.0882,0.0861,0.0922,0.1001,0.0924,0.0879,0.0843,0.0525,0.0502,0.0511,0.0499,0.0485,0.0534
Inchiri,MRT,Mauritania,2012,0,0,0,0,0,0,0,0,0,0,0,0,0,0,0,0
Nouakchott,MRT,Mauritania,2013,0.0304,0.0309,0.0312,0.0294,0.0265,0.0272,0.0278,0.0272,0.027,0.0288,0.0194,0.0169,0.0146,0.0142,0.0145,0.0145
Tagant,MRT,Mauritania,2014,0.0544,0.0537,0.0537,0.0531,0.0474,0.0481,0.0509,0.048,0.0518,0.0542,0.0349,0.0346,0.0358,0.0344,0.0341,0.0359
Tiris Zemmour,MRT,Mauritania,2015,0,0,0,0,0,0,0,0,0,0,0,0,0,0,0,0
Trarza,MRT,Mauritania,2016,0.0749,0.0854,0.0901,0.0867,0.0701,0.058,0.0504,0.0429,0.0438,0.0434,0.0256,0.0201,0.0163,0.0143,0.0139,0.015
Cabo Delgado,MOZ,Mozambique,2112,0.6713,0.6814,0.66,0.6178,0.5453,0.4494,0.4061,0.3511,0.3298,0.3668,0.3857,0.3894,0.4397,0.3969,0.3585,0.3331
Gaza,MOZ,Mozambique,2113,0.5013,0.5466,0.5428,0.5036,0.4278,0.3259,0.2692,0.1796,0.1204,0.1034,0.1001,0.1122,0.183,0.2446,0.2029,0.1953
Inhambane,MOZ,Mozambique,2114,0.4153,0.4052,0.4061,0.4313,0.4763,0.4774,0.4899,0.4199,0.3438,0.311,0.2785,0.2481,0.2664,0.244,0.2041,0.1992
Manica,MOZ,Mozambique,2115,0.2803,0.3147,0.3434,0.3718,0.4038,0.3908,0.3997,0.3396,0.3014,0.3043,0.2948,0.2831,0.3101,0.2702,0.2415,0.2336
Maputo,MOZ,Mozambique,2116,0.6169,0.6074,0.5421,0.4275,0.285,0.1715,0.1203,0.0764,0.0624,0.0687,0.073,0.0783,0.1141,0.1506,0.1203,0.1167
Maputo (city),MOZ,Mozambique,2117,0.6779,0.6364,0.546,0.4095,0.2509,0.1449,0.097,0.0643,0.0545,0.0622,0.0668,0.0716,0.1033,0.1348,0.1079,0.1034
Nampula,MOZ,Mozambique,2118,0.5992,0.589,0.5764,0.575,0.5758,0.5597,0.5649,0.5257,0.4897,0.4936,0.4774,0.4415,0.4487,0.3802,0.3348,0.3152
Niassa,MOZ,Mozambique,2119,0.5124,0.5121,0.4942,0.4608,0.4204,0.3609,0.3585,0.329,0.3351,0.3869,0.3935,0.3573,0.3442,0.2662,0.2318,0.2153
Sofala,MOZ,Mozambique,2120,0.5123,0.5209,0.5067,0.484,0.454,0.4034,0.3867,0.326,0.2927,0.3002,0.303,0.2995,0.3365,0.3159,0.2819,0.2553
Tete,MOZ,Mozambique,2121,0.4651,0.4522,0.4295,0.4175,0.406,0.377,0.3897,0.3553,0.3384,0.3525,0.3375,0.2947,0.2773,0.2174,0.1843,0.174
Zambezia,MOZ,Mozambique,2122,0.6468,0.6431,0.618,0.5888,0.5485,0.5047,0.5005,0.4675,0.4649,0.5038,0.5222,0.5257,0.5553,0.4903,0.444,0.4091
Caprivi,NAM,Namibia,2137,0.0476,0.0411,0.0323,0.0322,0.0353,0.0311,0.0316,0.0265,0.0275,0.0295,0.0254,0.0237,0.0231,0.0231,0.0238,0.0233
Erongo,NAM,Namibia,2138,0.0001,0.0001,0.0001,0.0001,0.0001,0.0001,0.0001,0.0001,0.0001,0.0001,0.0001,0.0001,0.0001,0.0001,0.0001,0.0001
Hardap,NAM,Namibia,2139,0,0,0,0,0,0,0,0,0,0,0,0,0,0,0,0
Karas,NAM,Namibia,2140,0,0,0,0,0,0,0,0,0,0,0,0,0,0,0,0
Kavango,NAM,Namibia,2141,0.172,0.1536,0.1309,0.1264,0.1313,0.1121,0.0986,0.0675,0.051,0.0408,0.0348,0.0442,0.065,0.0854,0.0863,0.0877
Khomas,NAM,Namibia,2142,0.0001,0.0001,0.0001,0.0001,0.0001,0.0001,0.0001,0,0,0,0,0,0,0,0,0
Kunene,NAM,Namibia,2143,0.0959,0.086,0.0745,0.0748,0.0788,0.0812,0.0804,0.0637,0.064,0.0603,0.049,0.0502,0.0516,0.0527,0.0538,0.0544
Ohangwena,NAM,Namibia,2144,0.1404,0.1228,0.113,0.1301,0.1614,0.1768,0.1748,0.1342,0.1053,0.0767,0.0553,0.0545,0.0625,0.0711,0.07,0.0731
Omaheke,NAM,Namibia,2145,0.0505,0.0438,0.0374,0.0374,0.0432,0.0413,0.045,0.0351,0.0339,0.0314,0.0288,0.0289,0.0305,0.0285,0.0313,0.0306
Omusati,NAM,Namibia,2146,0.1264,0.1126,0.1069,0.1195,0.1401,0.157,0.1616,0.1369,0.1228,0.1023,0.0755,0.068,0.0637,0.0607,0.0587,0.0621
Oshana,NAM,Namibia,2147,0.117,0.1018,0.0928,0.1019,0.1175,0.1263,0.1237,0.0972,0.0779,0.0599,0.0457,0.0458,0.0537,0.0599,0.0588,0.0613
Oshikoto,NAM,Namibia,2148,0.1403,0.1232,0.1095,0.1171,0.1342,0.1376,0.1367,0.1031,0.0855,0.0702,0.0552,0.0605,0.0711,0.0807,0.0814,0.0834
Otjozondjupa,NAM,Namibia,2149,0.1031,0.0927,0.0818,0.0803,0.0882,0.0828,0.0851,0.0639,0.0611,0.0579,0.0498,0.0557,0.0625,0.0634,0.0678,0.0676
Agadez,NER,Niger,2202,0.1118,0.1107,0.1109,0.1083,0.0984,0.1001,0.0694,0.0704,0.0714,0.0737,0.0763,0.0768,0.0687,0.06,0.0589,0.0585
Diffa,NER,Niger,2203,0.2362,0.2382,0.2384,0.2416,0.2411,0.2554,0.1856,0.178,0.166,0.1572,0.1549,0.141,0.1327,0.1124,0.1145,0.1111
Dosso,NER,Niger,2204,0.2637,0.2572,0.2552,0.253,0.2521,0.2727,0.219,0.2383,0.277,0.3214,0.3644,0.3792,0.3878,0.3297,0.3274,0.3217
Maradi,NER,Niger,2205,0.3173,0.3195,0.3247,0.3265,0.3216,0.3344,0.2692,0.2848,0.3191,0.3512,0.3666,0.3418,0.292,0.2339,0.2336,0.2315
Niamey,NER,Niger,2206,0.1672,0.1653,0.1707,0.1742,0.1823,0.2053,0.1641,0.1793,0.2081,0.2252,0.2295,0.2054,0.1792,0.1369,0.1392,0.1329
Tahoua,NER,Niger,2207,0.2603,0.2493,0.2407,0.2287,0.2126,0.2185,0.1645,0.1798,0.2188,0.2606,0.2834,0.2738,0.2372,0.1955,0.1982,0.1945
Tillaberi,NER,Niger,2208,0.2159,0.208,0.21,0.2148,0.2245,0.2562,0.2142,0.2363,0.2756,0.3061,0.3197,0.2939,0.252,0.1901,0.1864,0.1823
Zinder,NER,Niger,2209,0.2869,0.2906,0.2961,0.2973,0.2945,0.3031,0.2319,0.2305,0.2304,0.2321,0.2288,0.2048,0.177,0.1454,0.1466,0.1433
Adamawa,NGA,Nigeria,2211,0.4352,0.4527,0.4694,0.4868,0.4972,0.4947,0.4804,0.4499,0.3967,0.3136,0.2697,0.2538,0.2806,0.3184,0.3197,0.318
Akwa Ibom,NGA,Nigeria,2212,0.8437,0.8472,0.8409,0.8365,0.8262,0.7974,0.7439,0.6616,0.5407,0.4153,0.3302,0.3232,0.3779,0.4668,0.4515,0.4434
Anambra,NGA,Nigeria,2213,0.4142,0.3932,0.3843,0.3867,0.3956,0.398,0.3765,0.3306,0.2743,0.1887,0.1449,0.1311,0.1411,0.1761,0.1689,0.165
Benue,NGA,Nigeria,2215,0.4652,0.4501,0.4542,0.4679,0.502,0.5409,0.5525,0.5551,0.5441,0.4829,0.4165,0.3689,0.3212,0.3171,0.3087,0.2988
Borno,NGA,Nigeria,2216,0.3303,0.3444,0.3523,0.3615,0.3577,0.3622,0.3561,0.3485,0.3307,0.2551,0.2311,0.2188,0.2246,0.2317,0.2313,0.2312
Cross River,NGA,Nigeria,2217,0.6432,0.643,0.6439,0.6505,0.6623,0.6685,0.6514,0.6213,0.575,0.499,0.4192,0.3724,0.3401,0.3565,0.346,0.3325
Delta,NGA,Nigeria,2218,0.3352,0.3109,0.2831,0.2518,0.217,0.1968,0.1945,0.1985,0.2259,0.2096,0.2018,0.1923,0.1857,0.1854,0.1848,0.1777
Edo,NGA,Nigeria,2219,0.3726,0.354,0.3436,0.3398,0.3401,0.3519,0.3683,0.384,0.4191,0.396,0.3711,0.3385,0.3045,0.2865,0.2818,0.2753
FCT - Abuja,NGA,Nigeria,2221,0.5966,0.5822,0.5685,0.553,0.541,0.5184,0.482,0.4369,0.3666,0.3017,0.2642,0.2614,0.2942,0.3451,0.3302,0.3216
Imo,NGA,Nigeria,2222,0.7972,0.7955,0.7844,0.7729,0.7546,0.7247,0.6745,0.5993,0.5058,0.3981,0.3197,0.2905,0.3035,0.3597,0.3451,0.3413
Jigawa,NGA,Nigeria,2223,0.3597,0.3509,0.3469,0.3401,0.3328,0.3419,0.3533,0.3714,0.3866,0.3246,0.3021,0.274,0.2486,0.2364,0.2333,0.2381
Kaduna,NGA,Nigeria,2224,0.7455,0.7298,0.7068,0.6698,0.6208,0.5586,0.5046,0.4554,0.4002,0.3545,0.3384,0.3541,0.4166,0.4801,0.4742,0.4747
Kano,NGA,Nigeria,2225,0.4101,0.3988,0.3883,0.3693,0.344,0.33,0.327,0.327,0.3318,0.2905,0.2795,0.2708,0.2768,0.2806,0.279,0.2851
Katsina,NGA,Nigeria,2226,0.3963,0.3961,0.3964,0.3881,0.3722,0.3703,0.3842,0.4159,0.4652,0.4373,0.4283,0.389,0.3404,0.2937,0.2851,0.2921
Kebbi,NGA,Nigeria,2227,0.3311,0.3285,0.3275,0.3281,0.3264,0.3399,0.3714,0.4281,0.5069,0.5171,0.5364,0.5247,0.5027,0.4375,0.4281,0.4324
Kogi,NGA,Nigeria,2228,0.4175,0.403,0.4029,0.4132,0.4369,0.4653,0.4761,0.4798,0.4781,0.4383,0.3982,0.3663,0.3465,0.3411,0.3301,0.3183
Kwara,NGA,Nigeria,2229,0.5262,0.4982,0.4855,0.4907,0.5097,0.5332,0.5418,0.5454,0.5384,0.5145,0.4887,0.4753,0.4688,0.4673,0.4528,0.4403
Lagos,NGA,Nigeria,2230,0.0393,0.0412,0.0473,0.0568,0.0728,0.099,0.1256,0.1398,0.1454,0.102,0.0943,0.0867,0.0825,0.0762,0.0748,0.075
Niger,NGA,Nigeria,2231,0.551,0.5365,0.5265,0.5195,0.514,0.5094,0.5061,0.511,0.5112,0.4914,0.4678,0.446,0.4361,0.4301,0.4199,0.4158
Ogun,NGA,Nigeria,2232,0.3077,0.2989,0.3032,0.3197,0.352,0.3886,0.4173,0.4273,0.4413,0.3813,0.3449,0.3118,0.2789,0.2566,0.2506,0.2404
Osun,NGA,Nigeria,2234,0.5423,0.4973,0.4736,0.4762,0.4951,0.5235,0.5334,0.5272,0.5195,0.4923,0.4667,0.4582,0.4577,0.4632,0.4505,0.4346
Oyo,NGA,Nigeria,2235,0.545,0.5018,0.4767,0.4767,0.4929,0.5173,0.524,0.5256,0.524,0.4941,0.4602,0.4344,0.4124,0.4042,0.391,0.3762
Taraba,NGA,Nigeria,2239,0.4668,0.4725,0.4888,0.5069,0.5363,0.5542,0.5474,0.5284,0.4824,0.3935,0.3317,0.304,0.312,0.3432,0.3401,0.3404
Yobe,NGA,Nigeria,2240,0.305,0.3097,0.3135,0.3145,0.3113,0.3225,0.3346,0.3552,0.3817,0.3247,0.3034,0.2736,0.2427,0.2232,0.2226,0.2261
Dakar,SEN,Senegal,2636,0.0546,0.0629,0.0679,0.0651,0.0442,0.0305,0.0269,0.0244,0.0248,0.0281,0.0305,0.0314,0.032,0.0308,0.0306,0.0302
Thies,SEN,Senegal,2644,0.1488,0.1661,0.1745,0.1677,0.1076,0.0792,0.0649,0.0526,0.0484,0.0467,0.0428,0.0349,0.0273,0.0223,0.0211,0.021
Ziguinchor,SEN,Senegal,2645,0.3159,0.2334,0.178,0.1418,0.0979,0.0757,0.0662,0.0607,0.0662,0.0756,0.0738,0.0621,0.0448,0.0373,0.0362,0.0319
Eastern,SLE,Sierra Leone,2654,0.625,0.6412,0.6413,0.6271,0.6004,0.5765,0.5164,0.5082,0.5434,0.553,0.5871,0.5767,0.5743,0.5377,0.4916,0.3848
Northern,SLE,Sierra Leone,2655,0.5258,0.5306,0.5283,0.5178,0.5062,0.5046,0.4594,0.4742,0.5445,0.5769,0.6159,0.5977,0.5604,0.4845,0.4376,0.3328
Southern,SLE,Sierra Leone,2656,0.5572,0.5671,0.5662,0.5572,0.5452,0.5451,0.4871,0.4831,0.5168,0.5177,0.5405,0.5071,0.4702,0.4119,0.3675,0.2831
Western Area,SLE,Sierra Leone,2657,0.3157,0.3296,0.3366,0.3328,0.3213,0.3158,0.2638,0.2624,0.2872,0.2854,0.2772,0.2283,0.1813,0.152,0.1369,0.0979
Awdal,SOM,Somalia,2688,0.1055,0.1331,0.1472,0.1411,0.1151,0.0894,0.0683,0.0311,0.0186,0.013,0.0121,0.0133,0.021,0.0342,0.0331,0.0322
Bakool,SOM,Somalia,2689,0.0225,0.014,0.0145,0.0237,0.0596,0.1487,0.2046,0.1191,0.0485,0.0194,0.0121,0.0114,0.0202,0.0359,0.0342,0.0339
Bari,SOM,Somalia,2690,0.0505,0.05,0.0499,0.0465,0.042,0.0408,0.039,0.0242,0.0213,0.02,0.0202,0.0213,0.0273,0.036,0.0352,0.0351
Bay,SOM,Somalia,2691,0.0204,0.0113,0.012,0.0223,0.0738,0.221,0.3167,0.2007,0.073,0.0237,0.013,0.0117,0.0226,0.0427,0.0413,0.0402
Banadir,SOM,Somalia,2692,0.0282,0.0298,0.0314,0.0305,0.027,0.0232,0.0172,0.0081,0.0046,0.0031,0.0032,0.0045,0.0117,0.0244,0.0238,0.0239
Galgaduud,SOM,Somalia,2693,0.0127,0.0097,0.0103,0.0141,0.0254,0.0514,0.0728,0.0537,0.038,0.0255,0.0188,0.0147,0.0147,0.0168,0.0164,0.0163
Gedo,SOM,Somalia,2694,0.0276,0.0172,0.0169,0.0243,0.0534,0.1165,0.1521,0.0858,0.0365,0.0167,0.0118,0.011,0.0196,0.036,0.0349,0.0342
Hiraan,SOM,Somalia,2695,0.0145,0.0098,0.0103,0.0152,0.0313,0.0717,0.1059,0.0751,0.0478,0.0296,0.0222,0.0208,0.0312,0.0432,0.0416,0.0416
Juba Hoose,SOM,Somalia,2696,0.0772,0.0753,0.0769,0.0837,0.0892,0.1015,0.0978,0.0573,0.0406,0.0304,0.0277,0.025,0.0325,0.0421,0.0423,0.0409
Shabelle Hoose,SOM,Somalia,2697,0.0775,0.0825,0.087,0.0838,0.077,0.0716,0.054,0.0237,0.0111,0.0064,0.006,0.0084,0.0243,0.0539,0.0525,0.0511
Juba Dhexe,SOM,Somalia,2698,0.0687,0.0542,0.0554,0.0692,0.1098,0.1868,0.2121,0.1253,0.059,0.0269,0.0205,0.0203,0.0387,0.0669,0.0663,0.0626
Shabelle Dhexe,SOM,Somalia,2699,0.0499,0.0478,0.0501,0.0522,0.0545,0.0602,0.0528,0.0253,0.0136,0.0085,0.0081,0.0108,0.0268,0.0537,0.0523,0.0515
Mudug,SOM,Somalia,2700,0.0264,0.022,0.0215,0.0222,0.0255,0.033,0.0373,0.0258,0.0223,0.0196,0.0174,0.0154,0.0163,0.0191,0.0188,0.0185
Nugaal,SOM,Somalia,2701,0.0337,0.0313,0.0302,0.0278,0.0252,0.0263,0.0286,0.0222,0.0254,0.0297,0.0315,0.0297,0.03,0.0307,0.0302,0.0298
Sanaag,SOM,Somalia,2702,0.0351,0.0354,0.0344,0.0297,0.0241,0.0211,0.0191,0.0119,0.0118,0.0127,0.014,0.0142,0.0165,0.0208,0.0202,0.0202
Sool,SOM,Somalia,2703,0.0586,0.0588,0.0585,0.0541,0.0486,0.0477,0.0465,0.028,0.0253,0.0246,0.0247,0.0244,0.0286,0.0354,0.0343,0.0343
Togdheer,SOM,Somalia,2704,0.0792,0.0921,0.0958,0.0845,0.0655,0.0531,0.0471,0.0287,0.0266,0.0275,0.0285,0.0279,0.0314,0.037,0.0359,0.0352
Woqooyi Galbeed,SOM,Somalia,2705,0.0699,0.0897,0.0933,0.0769,0.0496,0.0321,0.0245,0.0138,0.0126,0.0134,0.0149,0.0159,0.0198,0.0252,0.0246,0.0243
Al Jazeera,SDN,Sudan,2745,0.0318,0.0199,0.014,0.0114,0.0107,0.0113,0.01,0.0091,0.0101,0.0115,0.0117,0.011,0.01,0.0096,0.0097,0.0097
El Buheyrat,SSD,South Sudan,2746,0.2607,0.2564,0.2495,0.2143,0.197,0.1865,0.1762,0.1638,0.1543,0.1444,0.1396,0.1281,0.1245,0.1244,0.1429,0.1289
Unity,SSD,South Sudan,2747,0.1471,0.1498,0.15,0.1109,0.1022,0.0998,0.0934,0.0848,0.075,0.0672,0.0672,0.0662,0.0692,0.0734,0.0836,0.0762
Central Equatoria,SSD,South Sudan,2748,0.5315,0.5222,0.5156,0.4916,0.4709,0.452,0.4403,0.4334,0.4357,0.4138,0.3737,0.3243,0.256,0.2133,0.2325,0.2098
Blue Nile,SDN,Sudan,2749,0.1122,0.1083,0.1021,0.0995,0.1052,0.1192,0.0914,0.0873,0.0837,0.0751,0.0595,0.039,0.0242,0.0191,0.02,0.019
Eastern Equatoria,SSD,South Sudan,2750,0.4076,0.4067,0.3927,0.3504,0.3012,0.2589,0.2361,0.2232,0.2231,0.2153,0.2012,0.1838,0.1667,0.154,0.1673,0.156
Jonglei,SSD,South Sudan,2751,0.222,0.2308,0.2297,0.1827,0.1606,0.1452,0.131,0.1197,0.1118,0.101,0.0976,0.0934,0.0941,0.0954,0.1093,0.1003
Khartoum,SDN,Sudan,2753,0.0152,0.0062,0.0034,0.0025,0.0026,0.0033,0.0038,0.0037,0.0038,0.0042,0.0046,0.0055,0.0069,0.0077,0.0078,0.0079
Northern Bahr El Ghazal,SSD,South Sudan,2754,0.1721,0.1715,0.1694,0.1296,0.1155,0.108,0.1002,0.0896,0.0784,0.0705,0.0711,0.069,0.0778,0.0852,0.0951,0.0887
Northern,SDN,Sudan,2755,0.0211,0.0223,0.0207,0.017,0.0155,0.0141,0.0098,0.008,0.0062,0.0051,0.0043,0.0041,0.0041,0.0046,0.0049,0.0048
Northern Darfur,SDN,Sudan,2757,0.0446,0.0467,0.0465,0.0427,0.0425,0.0437,0.0283,0.0227,0.0174,0.0147,0.0133,0.0126,0.0134,0.0154,0.0158,0.0157
Nile,SDN,Sudan,2761,0.011,0.0099,0.0092,0.008,0.0081,0.009,0.0078,0.0078,0.0076,0.0081,0.0078,0.0068,0.0059,0.0056,0.0057,0.0058
Sennar,SDN,Sudan,2762,0.0435,0.0372,0.0333,0.0332,0.0374,0.0439,0.0306,0.0273,0.0214,0.017,0.0152,0.0141,0.0157,0.0172,0.0176,0.0175
Southern Darfur,SDN,Sudan,2764,0.0773,0.0789,0.0759,0.0715,0.0701,0.0703,0.0474,0.0365,0.0274,0.0231,0.0223,0.023,0.03,0.0386,0.04,0.0381
Warab,SSD,South Sudan,2765,0.1871,0.185,0.1788,0.1357,0.1196,0.1124,0.1076,0.1011,0.0952,0.0896,0.0907,0.086,0.089,0.0939,0.1047,0.0968
Western Bahr El Ghazal,SSD,South Sudan,2766,0.2736,0.2543,0.241,0.207,0.1889,0.1783,0.1708,0.1622,0.1555,0.1502,0.1497,0.1454,0.1529,0.1613,0.1945,0.1676
Western Equatoria,SSD,South Sudan,2768,0.5324,0.5195,0.5119,0.5059,0.5096,0.5066,0.4982,0.4825,0.4672,0.429,0.3802,0.3309,0.2831,0.2678,0.296,0.2654
Western Darfur,SDN,Sudan,2769,0.0816,0.0879,0.0896,0.0873,0.0905,0.096,0.0647,0.0552,0.0458,0.04,0.0348,0.0289,0.0263,0.0267,0.0264,0.0266
White Nile,SDN,Sudan,2770,0.0691,0.0573,0.0466,0.0368,0.029,0.0248,0.0149,0.0135,0.013,0.014,0.0137,0.0122,0.011,0.0107,0.0109,0.0109
Hhohho,SWZ,Swaziland,2782,0.0004,0.0004,0.0004,0.0003,0.0002,0.0002,0.0002,0.0001,0.0001,0.0002,0.0004,0.0004,0.0003,0.0003,0.0003,0.0003
Lubombo,SWZ,Swaziland,2783,0.0009,0.0008,0.0006,0.0005,0.0004,0.0004,0.0004,0.0003,0.0003,0.0006,0.001,0.001,0.0009,0.0009,0.0009,0.0008
Manzini,SWZ,Swaziland,2784,0,0,0,0,0,0,0,0,0,0,0,0,0,0,0,0
Shiselweni,SWZ,Swaziland,2785,0,0,0,0,0,0,0,0,0,0,0,0,0,0,0,0
Centrale,TGO,Togo,2970,0.7043,0.671,0.6517,0.6481,0.6444,0.6357,0.6227,0.6304,0.6269,0.6235,0.6127,0.5739,0.5379,0.5182,0.4695,0.4477
Kara,TGO,Togo,2971,0.6763,0.6576,0.6548,0.668,0.6696,0.674,0.6908,0.7368,0.7843,0.8156,0.8108,0.7633,0.6772,0.5629,0.5175,0.5
Maritime,TGO,Togo,2972,0.4673,0.4268,0.4199,0.4422,0.4259,0.4484,0.4574,0.443,0.4113,0.3627,0.3123,0.2606,0.2249,0.2247,0.2064,0.1991
Plateaux,TGO,Togo,2973,0.653,0.6043,0.5759,0.5705,0.5638,0.5532,0.5392,0.5261,0.5025,0.4818,0.4726,0.4709,0.4922,0.5279,0.4843,0.4631
Savanes,TGO,Togo,2974,0.6524,0.6408,0.6643,0.7081,0.7475,0.7867,0.8208,0.8632,0.8959,0.9077,0.8833,0.7902,0.5901,0.3812,0.3376,0.3257
Adjumani,UGA,Uganda,3104,0.6321,0.6277,0.6163,0.6006,0.5681,0.5417,0.5188,0.4851,0.4901,0.4921,0.4234,0.3321,0.2495,0.1807,0.1958,0.1733
Busia,UGA,Uganda,3110,0.7888,0.9041,0.9322,0.9235,0.8586,0.7495,0.6515,0.5996,0.6355,0.6917,0.6426,0.5273,0.3781,0.2525,0.2642,0.254
Hoima,UGA,Uganda,3112,0.6854,0.6886,0.6798,0.6612,0.6353,0.6097,0.5904,0.5545,0.5508,0.547,0.475,0.3753,0.29,0.2179,0.2242,0.2032
Jinja,UGA,Uganda,3114,0.3133,0.3944,0.4511,0.475,0.4716,0.471,0.4751,0.4966,0.5687,0.6305,0.5543,0.3836,0.1999,0.0994,0.1111,0.1081
Kabale,UGA,Uganda,3115,0.0185,0.0195,0.0197,0.0172,0.0143,0.0115,0.0081,0.006,0.0055,0.0052,0.004,0.0028,0.002,0.0017,0.002,0.0019
Kalangala,UGA,Uganda,3117,0.4432,0.4617,0.4558,0.4213,0.3625,0.305,0.2527,0.1945,0.171,0.1637,0.1368,0.1228,0.128,0.1311,0.1488,0.1359
Kasese,UGA,Uganda,3121,0.3675,0.3799,0.3856,0.3798,0.3641,0.3527,0.3032,0.2431,0.205,0.1804,0.141,0.1121,0.0953,0.085,0.0939,0.0898
Kibaale,UGA,Uganda,3123,0.6048,0.6126,0.6114,0.596,0.5722,0.5502,0.5369,0.5009,0.5088,0.5154,0.4593,0.3742,0.3002,0.2282,0.2389,0.2208
Kisoro,UGA,Uganda,3125,0.0263,0.0277,0.0282,0.0262,0.023,0.0196,0.0144,0.0102,0.0083,0.0073,0.0052,0.0038,0.003,0.0027,0.0031,0.003
Moyo,UGA,Uganda,3136,0.6163,0.605,0.5911,0.5745,0.5484,0.5285,0.5109,0.4768,0.4764,0.4742,0.4029,0.3101,0.224,0.1603,0.1719,0.1525
Ntungamo,UGA,Uganda,3141,0.3451,0.3685,0.3801,0.3543,0.3189,0.2788,0.2192,0.1647,0.135,0.1145,0.0869,0.0642,0.0509,0.0452,0.051,0.0491
Ssembabule,UGA,Uganda,3145,0.4517,0.4732,0.4773,0.45,0.419,0.3866,0.3794,0.4009,0.4707,0.53,0.4926,0.3802,0.2525,0.1614,0.1764,0.1675
Central,ZMB,Zambia,3426,0.4632,0.4854,0.4696,0.4378,0.3706,0.2606,0.2021,0.1523,0.1126,0.0975,0.0995,0.0933,0.1291,0.1836,0.1798,0.1429
Copperbelt,ZMB,Zambia,3427,0.2579,0.2616,0.2578,0.2471,0.2263,0.1593,0.1325,0.1107,0.0917,0.0832,0.0814,0.0653,0.0729,0.0964,0.0915,0.0736
Eastern,ZMB,Zambia,3428,0.3965,0.4066,0.3832,0.342,0.2747,0.1718,0.1425,0.128,0.1263,0.1504,0.1867,0.1874,0.2376,0.2774,0.2719,0.2217
Luapula,ZMB,Zambia,3429,0.6196,0.6323,0.6172,0.5729,0.4935,0.3844,0.3233,0.3026,0.3129,0.3653,0.4047,0.3648,0.3598,0.3589,0.3384,0.2668
Lusaka,ZMB,Zambia,3430,0.2621,0.2819,0.2769,0.2521,0.1996,0.1137,0.0774,0.0502,0.0326,0.0252,0.0256,0.0252,0.0411,0.0809,0.0776,0.0627
North-Western,ZMB,Zambia,3431,0.4171,0.421,0.4109,0.3867,0.3512,0.2617,0.2137,0.1695,0.1306,0.1177,0.1198,0.1063,0.1381,0.1903,0.1894,0.1531
Northern,ZMB,Zambia,3432,0.4753,0.4696,0.4495,0.4165,0.3679,0.2899,0.2327,0.1869,0.149,0.1394,0.1446,0.1326,0.164,0.2152,0.2058,0.1599
Southern,ZMB,Zambia,3433,0.3036,0.3018,0.2741,0.2375,0.1872,0.1039,0.0807,0.062,0.0544,0.0542,0.0554,0.0456,0.0468,0.0583,0.0583,0.0471
Western,ZMB,Zambia,3434,0.2558,0.2608,0.2506,0.2351,0.2102,0.125,0.1006,0.076,0.0572,0.052,0.0592,0.0635,0.109,0.1742,0.1749,0.1462
Bulawayo,ZWE,Zimbabwe,3435,0.0094,0.0095,0.0105,0.0134,0.0152,0.0155,0.0162,0.0168,0.0173,0.0158,0.0118,0.0098,0.0096,0.011,0.0108,0.0105
Harare,ZWE,Zimbabwe,3436,0.0055,0.006,0.0068,0.0087,0.0085,0.0081,0.0079,0.0089,0.0108,0.0117,0.0103,0.0101,0.0121,0.0143,0.0136,0.0136
Manicaland,ZWE,Zimbabwe,3437,0.0197,0.0275,0.039,0.0476,0.0588,0.0621,0.0726,0.0696,0.0619,0.0486,0.0344,0.0293,0.0312,0.033,0.0319,0.0312
Mashonaland Central,ZWE,Zimbabwe,3438,0.0235,0.0254,0.0261,0.0223,0.0179,0.0137,0.0135,0.0137,0.0167,0.0195,0.0185,0.0194,0.024,0.0292,0.0279,0.0274
Mashonaland West,ZWE,Zimbabwe,3440,0.0238,0.0231,0.0224,0.0184,0.015,0.0118,0.0128,0.0143,0.0197,0.0257,0.0262,0.0273,0.0302,0.0317,0.0313,0.0301
Masvingo,ZWE,Zimbabwe,3441,0.0275,0.0288,0.0305,0.0342,0.038,0.036,0.0395,0.0376,0.0355,0.0309,0.0229,0.0201,0.0212,0.0243,0.0243,0.0232
Matabeleland South,ZWE,Zimbabwe,3443,0.0116,0.0112,0.0116,0.0149,0.0171,0.0166,0.0168,0.0174,0.0172,0.0169,0.0127,0.0113,0.0106,0.0123,0.0123,0.0118
Midlands,ZWE,Zimbabwe,3444,0.0146,0.0138,0.0144,0.0155,0.0171,0.017,0.0197,0.0212,0.0251,0.0279,0.0253,0.0252,0.0273,0.0276,0.0269,0.0265
Southern Kordofan,SDN,Sudan,4150,0.0812,0.0866,0.0836,0.0774,0.0702,0.0665,0.0391,0.0304,0.0225,0.0187,0.017,0.0161,0.0189,0.0232,0.0238,0.0233
Batha Est,TCD,Chad,12904,0.1385,0.1427,0.1431,0.1435,0.1375,0.1408,0.1401,0.0973,0.0908,0.0907,0.0916,0.0837,0.0822,0.0814,0.0781,0.0801
Batha Ouest,TCD,Chad,12905,0.1217,0.1244,0.1279,0.1313,0.13,0.1331,0.1327,0.0961,0.0868,0.0826,0.0806,0.0727,0.0712,0.0684,0.0669,0.0674
Borkou,TCD,Chad,12907,0.0056,0.0057,0.0059,0.0058,0.0053,0.0054,0.0054,0.0042,0.0042,0.0043,0.0043,0.0042,0.0041,0.004,0.0041,0.0041
Ennedi,TCD,Chad,12908,0.026,0.0271,0.0274,0.0257,0.0246,0.0239,0.0242,0.0173,0.0164,0.0156,0.0154,0.0173,0.0179,0.0179,0.0191,0.0189
Tibesti,TCD,Chad,12909,0.0005,0.0005,0.0005,0.0005,0.0005,0.0005,0.0005,0.0004,0.0004,0.0004,0.0004,0.0004,0.0004,0.0004,0.0004,0.0004
Baguirmi,TCD,Chad,12910,0.1249,0.1272,0.128,0.1325,0.1319,0.1401,0.1446,0.113,0.1047,0.1007,0.1008,0.0928,0.0983,0.0972,0.0965,0.0943
Daraba,TCD,Chad,12911,0.1595,0.1575,0.1564,0.159,0.1586,0.1651,0.1673,0.1252,0.113,0.1055,0.1029,0.0944,0.0965,0.095,0.0906,0.0917
Hadjer Lamis,TCD,Chad,12912,0.2403,0.2454,0.2477,0.2442,0.2299,0.2285,0.215,0.161,0.1267,0.1029,0.0937,0.0868,0.0998,0.1124,0.1076,0.1085
Barl El Gazal,TCD,Chad,12914,0.1368,0.1397,0.1379,0.1355,0.1227,0.1271,0.122,0.0904,0.0835,0.0836,0.0801,0.0741,0.0711,0.0695,0.0685,0.0689
Kanem,TCD,Chad,12915,0.154,0.1597,0.1609,0.1556,0.1411,0.1417,0.1344,0.099,0.0867,0.0791,0.0741,0.0688,0.0679,0.0699,0.0679,0.0688
Logone Oriental,TCD,Chad,12918,0.1061,0.1102,0.1162,0.1222,0.1293,0.1472,0.1601,0.1311,0.1255,0.123,0.1217,0.1116,0.1116,0.1036,0.0985,0.0983
Mont De Lam,TCD,Chad,12919,0.2063,0.2193,0.2321,0.2399,0.2446,0.2535,0.2628,0.2319,0.2165,0.2073,0.2006,0.1815,0.175,0.1656,0.167,0.1538
Kabia,TCD,Chad,12920,0.0754,0.078,0.0839,0.0896,0.0978,0.1108,0.1281,0.1182,0.1348,0.1588,0.1693,0.1583,0.1539,0.128,0.1263,0.125
Mayo-Boneye,TCD,Chad,12921,0.0761,0.0812,0.0866,0.0921,0.0934,0.1063,0.12,0.103,0.1083,0.1172,0.124,0.1172,0.1224,0.1062,0.1109,0.1059
Mayo-Dala,TCD,Chad,12922,0.1412,0.1489,0.1565,0.1579,0.1585,0.1622,0.1712,0.153,0.1566,0.1698,0.1724,0.1621,0.166,0.1525,0.1477,0.1453
Barh Koh,TCD,Chad,12923,0.1797,0.1783,0.1797,0.1813,0.1758,0.1806,0.1829,0.1476,0.1364,0.1322,0.1292,0.1153,0.1152,0.1117,0.1072,0.1036
Lac Iro,TCD,Chad,12924,0.2204,0.2224,0.2214,0.2248,0.218,0.2221,0.2264,0.1911,0.1793,0.1765,0.1722,0.1515,0.1444,0.1339,0.1352,0.1242
Mandoul,TCD,Chad,12925,0.148,0.1481,0.1497,0.1528,0.1519,0.162,0.1678,0.134,0.1242,0.1216,0.1217,0.114,0.1157,0.1086,0.104,0.102
Assongha,TCD,Chad,12926,0.1176,0.1302,0.1426,0.1482,0.1536,0.1627,0.1614,0.1093,0.0949,0.0811,0.0675,0.0526,0.0428,0.0405,0.038,0.0398
Ouaddai,TCD,Chad,12927,0.1338,0.1409,0.1467,0.15,0.1516,0.1597,0.1641,0.1196,0.1126,0.1088,0.0994,0.0838,0.0711,0.0667,0.0634,0.0649
Sila,TCD,Chad,12928,0.158,0.1672,0.1765,0.1861,0.1978,0.2167,0.2292,0.1823,0.1757,0.1703,0.1535,0.1272,0.1012,0.0835,0.0805,0.0798
Tandjile Est,TCD,Chad,12930,0.0311,0.0329,0.0359,0.0385,0.0427,0.0553,0.0667,0.0545,0.0553,0.0582,0.06,0.056,0.0602,0.0575,0.0605,0.0577
Tandjile Ouest,TCD,Chad,12931,0.0409,0.045,0.0493,0.0541,0.0589,0.0723,0.0865,0.0757,0.0827,0.0928,0.0937,0.0843,0.0811,0.0709,0.0683,0.0696
Comoe,CIV,Côte d'Ivoire,16837,0.7758,0.8173,0.834,0.8354,0.8231,0.797,0.7669,0.7349,0.6881,0.6308,0.5781,0.5283,0.5014,0.5221,0.4902,0.4686
District Autonome d'Abidjan,CIV,Côte d'Ivoire,16838,0.46,0.5257,0.594,0.6654,0.7442,0.7893,0.7835,0.7334,0.6184,0.4762,0.3842,0.3342,0.3409,0.3753,0.3536,0.3419
District autonome de yamoussoukro,CIV,Côte d'Ivoire,16839,0.6954,0.7128,0.705,0.6867,0.6468,0.6091,0.5928,0.599,0.6272,0.6494,0.629,0.5586,0.46,0.393,0.3553,0.3316
GÃ´h-Djiboua,CIV,Côte d'Ivoire,16840,0.5968,0.6154,0.6127,0.6005,0.5827,0.5614,0.5544,0.5546,0.5692,0.5823,0.5748,0.5224,0.4685,0.4335,0.3906,0.3669
Lacs,CIV,Côte d'Ivoire,16841,0.7364,0.7599,0.7602,0.7402,0.7015,0.6527,0.6215,0.6163,0.631,0.6446,0.6261,0.569,0.4935,0.4518,0.4151,0.3861
Lagunes,CIV,Côte d'Ivoire,16842,0.6376,0.6669,0.6808,0.6886,0.6982,0.697,0.6899,0.6755,0.6561,0.6254,0.5913,0.5324,0.4824,0.4668,0.428,0.4053
Montagnes,CIV,Côte d'Ivoire,16843,0.5985,0.6278,0.6447,0.6514,0.6498,0.6356,0.6186,0.6007,0.5809,0.5522,0.5314,0.4803,0.4549,0.4591,0.4144,0.3829
Sassandra-Marahoue,CIV,Côte d'Ivoire,16844,0.7102,0.7374,0.7449,0.7387,0.7187,0.6887,0.6651,0.6476,0.6361,0.6168,0.591,0.5424,0.5058,0.4941,0.451,0.4175
Woroba,CIV,Côte d'Ivoire,16845,0.7735,0.7861,0.7882,0.7802,0.7623,0.7327,0.6941,0.6663,0.6342,0.5968,0.5414,0.4612,0.3789,0.3651,0.3281,0.3036
East/Iburasirazuba,RWA,Rwanda,21969,0.2573,0.2609,0.2518,0.2093,0.1332,0.0898,0.0627,0.0497,0.0456,0.0443,0.0425,0.04,0.0385,0.0407,0.0392,0.0355
Kigali City/Umujyi wa Kigali,RWA,Rwanda,21970,0.157,0.155,0.1471,0.1198,0.0649,0.0416,0.0275,0.0199,0.0157,0.0133,0.0126,0.0133,0.0153,0.0197,0.0189,0.0175
North/Amajyaruguru,RWA,Rwanda,21971,0.0839,0.0843,0.0824,0.0691,0.0425,0.03,0.0213,0.0169,0.0142,0.0127,0.0115,0.0109,0.0104,0.012,0.012,0.0107
South/Amajyepfo,RWA,Rwanda,21972,0.1248,0.1235,0.1201,0.1043,0.0618,0.0467,0.0362,0.0312,0.0276,0.0266,0.0256,0.0269,0.0299,0.0333,0.0339,0.031
West/Iburengerazuba,RWA,Rwanda,21973,0.0645,0.0642,0.0644,0.0585,0.0347,0.0282,0.023,0.0195,0.0165,0.0147,0.0137,0.0137,0.0153,0.0179,0.019,0.017
Upper Nile,SSD,South Sudan,37021,0.1689,0.1748,0.1701,0.1173,0.0889,0.0742,0.0646,0.0627,0.0632,0.0618,0.0619,0.06,0.0637,0.0664,0.0745,0.0702
Boucle Du Mouhoun,BFA,Burkina Faso,40276,0.7813,0.753,0.7185,0.6824,0.626,0.5902,0.5895,0.6372,0.7223,0.7846,0.7862,0.7243,0.6395,0.5126,0.4736,0.4672
Cascades,BFA,Burkina Faso,40277,0.7161,0.7122,0.7018,0.6921,0.6733,0.653,0.6404,0.6504,0.6633,0.6622,0.6201,0.5435,0.4739,0.3996,0.3695,0.3579
Centre,BFA,Burkina Faso,40278,0.6292,0.583,0.5128,0.4303,0.3234,0.2536,0.2123,0.2209,0.2712,0.3176,0.3092,0.2523,0.2049,0.1712,0.1641,0.1604
Centre-est,BFA,Burkina Faso,40279,0.6522,0.6276,0.6105,0.6131,0.6069,0.6127,0.621,0.6572,0.7093,0.7381,0.7024,0.5837,0.4538,0.3244,0.2975,0.2946
Centre-nord,BFA,Burkina Faso,40280,0.7233,0.7403,0.7352,0.7164,0.6598,0.617,0.5953,0.6219,0.6865,0.7269,0.7181,0.6463,0.561,0.4569,0.4266,0.427
Centre-ouest,BFA,Burkina Faso,40281,0.7408,0.7092,0.6728,0.6439,0.5977,0.5733,0.5775,0.6289,0.7194,0.7803,0.7718,0.6809,0.5502,0.4092,0.3806,0.375
Centre-sud,BFA,Burkina Faso,40282,0.7129,0.6611,0.6068,0.5673,0.5137,0.488,0.4951,0.5542,0.6502,0.7192,0.7061,0.5979,0.4585,0.3296,0.3061,0.3001
Est,BFA,Burkina Faso,40283,0.5602,0.5582,0.5576,0.5675,0.5661,0.5825,0.5941,0.6445,0.7162,0.758,0.7377,0.6423,0.5255,0.3869,0.363,0.3629
Hauts-bassins,BFA,Burkina Faso,40284,0.7634,0.7612,0.7482,0.7248,0.6801,0.6345,0.607,0.6059,0.6131,0.6174,0.5966,0.5622,0.5549,0.5075,0.4766,0.4659
Nord,BFA,Burkina Faso,40285,0.6784,0.6801,0.6775,0.6741,0.6552,0.6485,0.6305,0.6399,0.6629,0.6699,0.6557,0.6059,0.5767,0.4999,0.4679,0.4678
Plateau Central,BFA,Burkina Faso,40286,0.7794,0.7705,0.7376,0.6963,0.6069,0.5352,0.4932,0.5132,0.5866,0.6443,0.6375,0.5452,0.4385,0.3388,0.3117,0.3094
Sahel,BFA,Burkina Faso,40287,0.4659,0.4748,0.4869,0.4987,0.5041,0.5395,0.5624,0.635,0.7219,0.7722,0.7633,0.69,0.5838,0.4468,0.4256,0.4297
Sud-ouest,BFA,Burkina Faso,40288,0.696,0.6806,0.6638,0.6555,0.6396,0.6283,0.6458,0.7072,0.7886,0.8388,0.8291,0.7584,0.6315,0.471,0.4421,0.4323
Bubanza,BDI,Burundi,40542,0.3074,0.3021,0.2919,0.2725,0.2489,0.1593,0.1362,0.1243,0.1089,0.1034,0.0914,0.0831,0.0858,0.0803,0.0844,0.0763
Bujumbura-Mairie,BDI,Burundi,40543,0.3027,0.3004,0.2965,0.2809,0.2625,0.1714,0.1463,0.125,0.1051,0.092,0.0727,0.0579,0.0497,0.0461,0.0468,0.0433
Bujumbura-Rural,BDI,Burundi,40544,0.2949,0.2916,0.2836,0.2673,0.2464,0.1686,0.1429,0.1209,0.0997,0.0859,0.0668,0.0512,0.0428,0.0396,0.0411,0.0368
Bururi,BDI,Burundi,40545,0.2827,0.2824,0.2759,0.2646,0.2508,0.2067,0.1816,0.1538,0.1211,0.0983,0.0717,0.0505,0.037,0.0324,0.0326,0.0286
Cankuzo,BDI,Burundi,40546,0.7174,0.7371,0.721,0.6689,0.589,0.4793,0.4325,0.4261,0.44,0.4609,0.4127,0.3381,0.2454,0.1711,0.1603,0.1399
Cibitoke,BDI,Burundi,40547,0.229,0.226,0.2188,0.2064,0.1925,0.1136,0.1026,0.1015,0.0971,0.0986,0.097,0.0996,0.117,0.1099,0.1171,0.1069
Gitega,BDI,Burundi,40548,0.4278,0.4237,0.3951,0.3493,0.2915,0.2086,0.1782,0.1587,0.1475,0.1445,0.1201,0.0934,0.0706,0.0558,0.0565,0.0495
Karuzi,BDI,Burundi,40549,0.5827,0.5763,0.5365,0.4653,0.3766,0.2815,0.2468,0.2399,0.2481,0.2672,0.2405,0.204,0.1594,0.1193,0.1185,0.1027
Kayanza,BDI,Burundi,40550,0.3422,0.3372,0.3205,0.2933,0.2647,0.1807,0.1558,0.1409,0.1258,0.1177,0.0945,0.0749,0.0595,0.0489,0.0502,0.0452
Kirundo,BDI,Burundi,40551,0.4649,0.4606,0.4396,0.3939,0.3401,0.2456,0.2096,0.1965,0.1864,0.1931,0.1927,0.2106,0.2441,0.2302,0.2267,0.2062
Makamba,BDI,Burundi,40552,0.5824,0.5976,0.5904,0.5623,0.5197,0.4272,0.3743,0.3222,0.2687,0.2316,0.1763,0.132,0.1018,0.085,0.0825,0.0728
Muramvya,BDI,Burundi,40553,0.2885,0.2832,0.2661,0.2398,0.2061,0.1429,0.1223,0.105,0.0889,0.0796,0.0601,0.0432,0.0314,0.0264,0.0269,0.0242
Muyinga,BDI,Burundi,40554,0.5601,0.5587,0.5294,0.4715,0.3984,0.311,0.2795,0.2763,0.2868,0.3069,0.2827,0.2565,0.2173,0.1716,0.1662,0.1471
Mwaro,BDI,Burundi,40555,0.2094,0.2066,0.1932,0.1701,0.1457,0.1053,0.09,0.0769,0.0672,0.0619,0.0477,0.0353,0.0253,0.0208,0.0214,0.0187
Ngozi,BDI,Burundi,40556,0.4564,0.4489,0.4293,0.3876,0.3408,0.2591,0.2331,0.2183,0.2119,0.2138,0.1871,0.1634,0.1368,0.1085,0.1092,0.0967
Rutana,BDI,Burundi,40557,0.5822,0.5992,0.5814,0.5378,0.4758,0.3587,0.3061,0.2736,0.2493,0.244,0.2051,0.1669,0.1324,0.1068,0.1029,0.0917
Ruyigi,BDI,Burundi,40558,0.6901,0.7066,0.681,0.6255,0.5366,0.411,0.3539,0.336,0.3309,0.3414,0.2985,0.2438,0.181,0.1337,0.1282,0.1115
Boke,GIN,Guinea,40700,0.5745,0.5568,0.5267,0.4842,0.4251,0.3743,0.3407,0.3162,0.3197,0.3054,0.3008,0.2999,0.3052,0.3148,0.2989,0.2684
Conakry,GIN,Guinea,40701,0.3044,0.3125,0.3151,0.306,0.2898,0.278,0.2638,0.2214,0.1998,0.1656,0.1277,0.0872,0.0548,0.0492,0.0453,0.0415
Faranah,GIN,Guinea,40702,0.495,0.5027,0.5025,0.4939,0.4758,0.465,0.4631,0.4616,0.4914,0.5077,0.5439,0.6097,0.6788,0.6659,0.6477,0.6142
Kankan,GIN,Guinea,40703,0.5168,0.5233,0.5224,0.5176,0.5051,0.4956,0.4924,0.4869,0.4912,0.483,0.4889,0.5204,0.5699,0.5588,0.5352,0.5049
Kindia,GIN,Guinea,40704,0.4635,0.4567,0.4463,0.4317,0.414,0.4065,0.4067,0.4073,0.4384,0.4439,0.4558,0.4647,0.4637,0.4269,0.4057,0.3755
Labe,GIN,Guinea,40705,0.4713,0.4869,0.4811,0.4583,0.4071,0.3684,0.342,0.3154,0.3246,0.3257,0.3339,0.3532,0.3675,0.354,0.3414,0.3128
Mamou,GIN,Guinea,40706,0.3775,0.384,0.3825,0.3739,0.3544,0.345,0.3456,0.3298,0.3575,0.368,0.3871,0.4086,0.4167,0.3882,0.3731,0.343
N'Zerekore,GIN,Guinea,40707,0.6343,0.6437,0.6455,0.6438,0.6401,0.6357,0.6285,0.626,0.6375,0.6229,0.6109,0.6202,0.6334,0.6075,0.5938,0.5519
Red Sea,SDN,Sudan,40772,0.031,0.0338,0.0338,0.0311,0.0284,0.0273,0.0194,0.0151,0.0125,0.0115,0.0107,0.0095,0.0093,0.0105,0.0104,0.0106
Administrative unit not available,SDN,Sudan,40776,0.0001,0.0001,0.0001,0.0001,0.0001,0.0001,0.0001,0.0001,0,0,0,0,0,0,0,0
Administrative unit not available,SDN,Sudan,40777,0.0026,0.0027,0.0028,0.0026,0.0025,0.0022,0.0016,0.0014,0.0013,0.0013,0.0011,0.0011,0.0012,0.0013,0.0013,0.0014
Alaotra Mangoro,MDG,Madagascar,41750,0.1792,0.201,0.2279,0.2474,0.2682,0.2333,0.2132,0.1877,0.1359,0.0932,0.0638,0.0399,0.0313,0.0328,0.0299,0.0261
Amoron'i Mania,MDG,Madagascar,41751,0.0558,0.0598,0.0685,0.0787,0.0951,0.1132,0.1163,0.0857,0.0615,0.0423,0.0298,0.0212,0.0209,0.0252,0.022,0.0201
Analamanga,MDG,Madagascar,41752,0.0175,0.0213,0.028,0.0372,0.0539,0.0793,0.0915,0.0785,0.0606,0.0431,0.0324,0.0232,0.0219,0.0249,0.0214,0.0199
Analanjirofo,MDG,Madagascar,41753,0.4248,0.4441,0.4508,0.4495,0.4385,0.3881,0.337,0.2767,0.1883,0.1261,0.0846,0.0508,0.0382,0.0428,0.0382,0.0312
Androy,MDG,Madagascar,41754,0.2695,0.2815,0.2862,0.2828,0.2674,0.2217,0.176,0.1364,0.0813,0.0465,0.0301,0.0237,0.0285,0.0419,0.0359,0.0322
Anosy,MDG,Madagascar,41755,0.2763,0.278,0.2767,0.2709,0.26,0.2181,0.183,0.15,0.0987,0.0668,0.0516,0.047,0.0643,0.0857,0.0747,0.0664
Atsimo Andrefana,MDG,Madagascar,41756,0.2526,0.2618,0.26,0.2541,0.2361,0.1956,0.1525,0.1105,0.0593,0.033,0.0237,0.0227,0.0357,0.0624,0.0537,0.0481
Atsimo Atsinanana,MDG,Madagascar,41757,0.2771,0.2836,0.2863,0.287,0.2823,0.2491,0.2317,0.2097,0.1722,0.1455,0.1285,0.1162,0.1412,0.161,0.1454,0.1266
Atsinanana,MDG,Madagascar,41758,0.2435,0.2691,0.2961,0.3244,0.3553,0.3398,0.3274,0.3028,0.2486,0.1965,0.1546,0.107,0.0858,0.0818,0.0752,0.0648
Betsiboka,MDG,Madagascar,41759,0.2289,0.2379,0.246,0.2468,0.2365,0.1869,0.1611,0.1435,0.1121,0.0883,0.0703,0.0517,0.0501,0.0583,0.0501,0.0457
Boeny,MDG,Madagascar,41760,0.249,0.2511,0.2508,0.2461,0.2327,0.1809,0.1513,0.1384,0.1042,0.079,0.0598,0.0427,0.0401,0.0448,0.0397,0.035
Bongolava,MDG,Madagascar,41761,0.1655,0.1642,0.1651,0.1681,0.1716,0.1648,0.1321,0.1041,0.0684,0.046,0.0335,0.0271,0.0331,0.0484,0.0405,0.0376
Diana,MDG,Madagascar,41762,0.2663,0.2764,0.2821,0.2812,0.2697,0.2136,0.1725,0.1294,0.0781,0.0516,0.0391,0.0333,0.0435,0.0618,0.0553,0.0473
Haute Matsiatra,MDG,Madagascar,41763,0.0573,0.0638,0.0731,0.0823,0.0965,0.1062,0.094,0.0827,0.0613,0.0429,0.0295,0.0194,0.0165,0.0183,0.0161,0.0147
Ihorombe,MDG,Madagascar,41764,0.1454,0.152,0.1586,0.1629,0.1652,0.1281,0.1155,0.1042,0.0756,0.0538,0.0402,0.0311,0.0335,0.0426,0.0369,0.0336
Itasy,MDG,Madagascar,41765,0.0379,0.0377,0.041,0.0467,0.0588,0.0777,0.086,0.0644,0.0482,0.035,0.0267,0.0212,0.0235,0.0296,0.0252,0.0235
Melaky,MDG,Madagascar,41766,0.337,0.3395,0.3388,0.3343,0.3229,0.2732,0.2275,0.175,0.1079,0.0711,0.0577,0.0574,0.0904,0.1419,0.1249,0.111
Menabe,MDG,Madagascar,41767,0.3046,0.3086,0.3089,0.3089,0.3011,0.249,0.2044,0.1553,0.0914,0.0557,0.0411,0.0356,0.0496,0.0811,0.0706,0.0621
Sava,MDG,Madagascar,41768,0.3269,0.3435,0.3506,0.356,0.3426,0.2974,0.2567,0.2107,0.1425,0.1004,0.0751,0.0557,0.0561,0.0676,0.0598,0.0502
Sofia,MDG,Madagascar,41769,0.2795,0.2925,0.3019,0.3004,0.2851,0.225,0.1909,0.1603,0.1131,0.0833,0.066,0.0533,0.0622,0.0797,0.0697,0.0627
Vakinankaratra,MDG,Madagascar,41770,0.0379,0.0396,0.0441,0.0505,0.0599,0.0726,0.0704,0.0556,0.0419,0.0304,0.0226,0.0166,0.0165,0.0197,0.0169,0.0157
Vatovavy Fitovinany,MDG,Madagascar,41771,0.2053,0.2198,0.2338,0.2487,0.2586,0.2341,0.2229,0.209,0.1807,0.1528,0.1285,0.0972,0.0956,0.1025,0.0947,0.0828
Kabarole,UGA,Uganda,42180,0.486,0.4971,0.497,0.4863,0.4665,0.4414,0.4024,0.3362,0.2967,0.2726,0.2221,0.1883,0.1704,0.1555,0.1682,0.1554
Kaberamaido,UGA,Uganda,42181,0.6746,0.7129,0.7032,0.6594,0.5569,0.4484,0.3945,0.3744,0.4337,0.5087,0.484,0.395,0.2963,0.2128,0.223,0.2084
Kampala,UGA,Uganda,42182,0.1985,0.2182,0.2281,0.2173,0.1938,0.1691,0.1243,0.1026,0.1014,0.1065,0.088,0.0725,0.0632,0.0579,0.0634,0.067
Kamwenge,UGA,Uganda,42183,0.5403,0.5539,0.555,0.5405,0.5193,0.4937,0.457,0.3927,0.3552,0.3279,0.2697,0.2216,0.1867,0.1574,0.1728,0.1572
Kanungu,UGA,Uganda,42184,0.3048,0.3231,0.3311,0.3224,0.298,0.2737,0.2137,0.1525,0.1167,0.0922,0.0705,0.0552,0.0492,0.0458,0.0513,0.0502
Kayunga,UGA,Uganda,42185,0.414,0.483,0.529,0.5321,0.5091,0.4903,0.4713,0.4745,0.5385,0.5902,0.5279,0.3805,0.2313,0.1362,0.1503,0.1436
Mayuge,UGA,Uganda,42189,0.4772,0.5993,0.6564,0.6567,0.6049,0.5554,0.5458,0.5606,0.6383,0.7111,0.6486,0.4936,0.2934,0.1592,0.1719,0.1663
Nakasongola,UGA,Uganda,42195,0.603,0.6384,0.6381,0.6009,0.5189,0.4442,0.4003,0.3852,0.4409,0.4988,0.4609,0.3729,0.2802,0.1989,0.21,0.1975
Rukungiri,UGA,Uganda,42197,0.3476,0.3686,0.3794,0.3617,0.3353,0.303,0.2443,0.1763,0.1374,0.1101,0.0841,0.0672,0.0616,0.0584,0.0659,0.0631
Wakiso,UGA,Uganda,42200,0.2946,0.3246,0.3388,0.323,0.287,0.2528,0.1961,0.1649,0.1625,0.1675,0.1423,0.1147,0.0971,0.0836,0.0929,0.0935
Yumbe,UGA,Uganda,42201,0.7138,0.693,0.6702,0.6464,0.6171,0.5983,0.5838,0.5613,0.5734,0.5772,0.502,0.3917,0.272,0.1895,0.1947,0.1747
Amolatar,UGA,Uganda,47067,0.6813,0.709,0.6981,0.644,0.5324,0.4259,0.3757,0.3752,0.4473,0.5346,0.5151,0.4278,0.3205,0.2287,0.2447,0.2234
Amuria,UGA,Uganda,47068,0.5873,0.6266,0.6207,0.5857,0.4986,0.4114,0.3697,0.3437,0.3841,0.4447,0.4126,0.3217,0.2379,0.1748,0.178,0.1722
Butaleja,UGA,Uganda,47071,0.752,0.8499,0.8763,0.8606,0.7853,0.6768,0.6074,0.5728,0.6152,0.6706,0.6248,0.5245,0.4063,0.2917,0.3084,0.2935
Ibanda,UGA,Uganda,47072,0.4864,0.5035,0.5076,0.4867,0.4659,0.4434,0.4033,0.3419,0.3029,0.2736,0.2223,0.1764,0.1436,0.1201,0.1319,0.1215
Isingiro,UGA,Uganda,47073,0.3919,0.4106,0.4217,0.3929,0.3661,0.3362,0.2871,0.2492,0.2287,0.2118,0.1588,0.1021,0.0658,0.0477,0.0518,0.0503
Kaabong,UGA,Uganda,47074,0.3136,0.3189,0.3061,0.2792,0.2342,0.2052,0.1731,0.1434,0.1339,0.1394,0.1216,0.0972,0.0865,0.0735,0.0783,0.0799
Kaliro,UGA,Uganda,47075,0.6234,0.7145,0.7511,0.743,0.688,0.6229,0.6025,0.6028,0.6644,0.7253,0.6678,0.5437,0.3764,0.2357,0.2504,0.2377
Katakwi,UGA,Uganda,47078,0.5565,0.6087,0.6125,0.5827,0.5005,0.4187,0.3736,0.3352,0.358,0.4015,0.3649,0.2825,0.2115,0.1558,0.1622,0.1574
Kiruhura,UGA,Uganda,47079,0.4981,0.5142,0.515,0.494,0.4728,0.4511,0.4208,0.3812,0.3697,0.3621,0.3062,0.2362,0.1763,0.1331,0.1423,0.1343
Koboko,UGA,Uganda,47080,0.7256,0.7013,0.6758,0.6528,0.6255,0.6069,0.5998,0.5764,0.5878,0.5929,0.5173,0.4048,0.284,0.2002,0.2034,0.1838
Luwero,UGA,Uganda,47083,0.4322,0.4855,0.5117,0.4985,0.4565,0.4182,0.3698,0.3453,0.3789,0.4082,0.365,0.2761,0.1988,0.143,0.1539,0.1511
Mbale,UGA,Uganda,47085,0.7687,0.8574,0.8751,0.846,0.7394,0.577,0.4636,0.3902,0.3912,0.4333,0.406,0.3494,0.317,0.2704,0.2869,0.2745
Mbarara,UGA,Uganda,47086,0.4242,0.4481,0.4572,0.4317,0.4014,0.362,0.3056,0.2413,0.1987,0.1655,0.1235,0.0923,0.0754,0.0671,0.0719,0.0694
Mityana,UGA,Uganda,47087,0.4323,0.4686,0.4785,0.4543,0.4087,0.3714,0.3424,0.32,0.355,0.3993,0.367,0.2997,0.2306,0.1711,0.1862,0.1795
Mubende,UGA,Uganda,47088,0.5175,0.5355,0.5334,0.51,0.4787,0.4533,0.4566,0.4556,0.5175,0.5643,0.5199,0.4162,0.2986,0.2008,0.2175,0.2041
Nakaseke,UGA,Uganda,47089,0.4944,0.5381,0.5533,0.5346,0.4873,0.4444,0.4076,0.3833,0.421,0.459,0.4192,0.3305,0.2501,0.1825,0.194,0.1884
Tororo,UGA,Uganda,47090,0.8162,0.9128,0.9368,0.9283,0.8694,0.7638,0.6707,0.6091,0.6311,0.6711,0.6211,0.5208,0.4091,0.2982,0.3089,0.2999
Diourbel,SEN,Senegal,47585,0.3175,0.3344,0.3164,0.2709,0.1596,0.0993,0.0709,0.0537,0.051,0.0499,0.047,0.0394,0.03,0.0247,0.0228,0.0218
Fatick,SEN,Senegal,47586,0.2398,0.2336,0.2158,0.1952,0.124,0.0891,0.0706,0.0596,0.0612,0.0656,0.0604,0.0464,0.0326,0.0237,0.0222,0.0214
Louga,SEN,Senegal,47587,0.2278,0.2624,0.2743,0.2558,0.1541,0.1017,0.076,0.0581,0.0539,0.0496,0.0445,0.0354,0.0267,0.0229,0.021,0.0208
Matam,SEN,Senegal,47588,0.1583,0.1612,0.161,0.1531,0.0969,0.082,0.0766,0.0739,0.0833,0.0892,0.083,0.0613,0.038,0.0261,0.0248,0.0249
Saint louis,SEN,Senegal,47589,0.1801,0.2047,0.2176,0.2067,0.1259,0.0894,0.0693,0.055,0.0536,0.0507,0.0454,0.0354,0.0262,0.0225,0.0214,0.0213
Oromia,ETH,Ethiopia,47678,0.0306,0.033,0.0341,0.0334,0.0319,0.0318,0.0187,0.0143,0.0074,0.0038,0.003,0.0024,0.0023,0.0023,0.0022,0.0021
Somali,ETH,Ethiopia,47679,0.0334,0.0357,0.0379,0.0377,0.0371,0.0407,0.0261,0.022,0.012,0.0071,0.0062,0.0057,0.0073,0.0081,0.0074,0.0076
Arusha,TZA,United Republic of Tanzania,48357,0.1488,0.1234,0.1056,0.0709,0.0534,0.0438,0.0386,0.0327,0.0268,0.0299,0.0358,0.0349,0.0474,0.0532,0.0442,0.04
Dar es Salaam,TZA,United Republic of Tanzania,48358,0.2681,0.1808,0.1412,0.1131,0.1151,0.129,0.1221,0.1051,0.0757,0.0653,0.0575,0.0462,0.0515,0.0564,0.0466,0.0467
Dodoma,TZA,United Republic of Tanzania,48359,0.2047,0.1869,0.1781,0.1244,0.1116,0.1047,0.0934,0.0806,0.0637,0.0626,0.0616,0.0534,0.0617,0.0621,0.0498,0.0478
Iringa,TZA,United Republic of Tanzania,48360,0.1493,0.1349,0.1262,0.0865,0.0724,0.0638,0.0586,0.0537,0.0487,0.055,0.0582,0.0506,0.0529,0.049,0.0401,0.0381
Kagera,TZA,United Republic of Tanzania,48361,0.4489,0.4445,0.4263,0.3689,0.3013,0.2443,0.2056,0.1924,0.1823,0.1961,0.1833,0.1257,0.0954,0.0772,0.0661,0.0693
Kigoma,TZA,United Republic of Tanzania,48362,0.5166,0.5432,0.5406,0.5,0.4247,0.3514,0.2886,0.2349,0.1895,0.1844,0.1681,0.1259,0.1186,0.1143,0.0995,0.1042
Kilimanjaro,TZA,United Republic of Tanzania,48363,0.0474,0.0362,0.0334,0.0252,0.0288,0.0354,0.0388,0.0337,0.0244,0.0236,0.0285,0.0327,0.0567,0.069,0.0568,0.0494
Lindi,TZA,United Republic of Tanzania,48364,0.6268,0.7168,0.753,0.7221,0.6575,0.5656,0.4679,0.3919,0.3118,0.2718,0.2302,0.1524,0.126,0.1028,0.0943,0.0909
Manyara,TZA,United Republic of Tanzania,48365,0.1603,0.1374,0.1214,0.0873,0.0675,0.0589,0.0529,0.0459,0.037,0.038,0.0413,0.0362,0.0434,0.0456,0.0373,0.035
Mara,TZA,United Republic of Tanzania,48366,0.268,0.2721,0.287,0.237,0.2364,0.2401,0.221,0.1947,0.1441,0.1286,0.121,0.1023,0.1202,0.1121,0.0928,0.09
Mbeya,TZA,United Republic of Tanzania,48367,0.2195,0.1907,0.175,0.1467,0.131,0.1193,0.1025,0.0796,0.055,0.0472,0.045,0.0402,0.0537,0.0669,0.0588,0.0569
Morogoro,TZA,United Republic of Tanzania,48368,0.427,0.3852,0.3489,0.29,0.2439,0.207,0.1704,0.1463,0.1171,0.1145,0.1124,0.0924,0.0992,0.1026,0.0929,0.0939
Mtwara,TZA,United Republic of Tanzania,48369,0.6044,0.7048,0.7434,0.6981,0.6128,0.4956,0.3932,0.3185,0.2552,0.2314,0.2006,0.1371,0.1194,0.1028,0.0871,0.0884
Mwanza,TZA,United Republic of Tanzania,48370,0.421,0.396,0.3805,0.3332,0.2918,0.2643,0.2388,0.2254,0.2025,0.2076,0.1855,0.1261,0.0992,0.0823,0.0696,0.0757
Pemba North,TZA,United Republic of Tanzania,48371,0.4397,0.5862,0.6214,0.5233,0.3283,0.1659,0.0842,0.051,0.0334,0.0317,0.0336,0.0323,0.0472,0.0672,0.0569,0.0558
Unguja North,TZA,United Republic of Tanzania,48372,0.4365,0.3791,0.2878,0.1725,0.0811,0.0396,0.0242,0.0216,0.0243,0.0374,0.0462,0.0379,0.0366,0.0393,0.0339,0.0335
Pwani,TZA,United Republic of Tanzania,48373,0.5451,0.4746,0.398,0.3367,0.2861,0.2686,0.2265,0.2077,0.1682,0.1793,0.1706,0.1298,0.1232,0.1179,0.108,0.1108
Rukwa,TZA,United Republic of Tanzania,48374,0.3668,0.3601,0.3495,0.3149,0.2727,0.2334,0.1899,0.1409,0.0969,0.079,0.0667,0.0494,0.0532,0.0625,0.0546,0.0563
Ruvuma,TZA,United Republic of Tanzania,48375,0.2469,0.2751,0.3058,0.2734,0.273,0.2674,0.2504,0.2183,0.1698,0.1497,0.1229,0.0824,0.0679,0.0588,0.0484,0.047
Shinyanga,TZA,United Republic of Tanzania,48376,0.3617,0.347,0.3485,0.319,0.3088,0.3082,0.2905,0.2599,0.2047,0.182,0.1491,0.098,0.0775,0.0648,0.0547,0.0587
Singida,TZA,United Republic of Tanzania,48377,0.2278,0.2057,0.1851,0.1449,0.1014,0.0777,0.0655,0.0586,0.0531,0.0603,0.0604,0.047,0.0445,0.0409,0.0328,0.0325
Pemba South,TZA,United Republic of Tanzania,48378,0.4589,0.5462,0.5287,0.385,0.1896,0.0768,0.0366,0.0238,0.0192,0.0236,0.0301,0.0319,0.049,0.0712,0.0614,0.0603
Unguja South,TZA,United Republic of Tanzania,48379,0.3954,0.3114,0.2259,0.1305,0.0678,0.0376,0.0257,0.0237,0.0268,0.0402,0.0498,0.0432,0.0443,0.048,0.0418,0.041
Tabora,TZA,United Republic of Tanzania,48380,0.3628,0.3545,0.3441,0.2909,0.2364,0.1987,0.1698,0.1469,0.1234,0.1179,0.0993,0.0658,0.055,0.0518,0.0425,0.0448
Tanga,TZA,United Republic of Tanzania,48381,0.4178,0.4387,0.4293,0.3807,0.31,0.2393,0.181,0.1376,0.0958,0.0816,0.0728,0.0546,0.0582,0.067,0.0595,0.0594
Unguja Urban West,TZA,United Republic of Tanzania,48382,0.4128,0.3168,0.2165,0.121,0.0567,0.0282,0.0185,0.0166,0.0193,0.0305,0.0391,0.0351,0.0353,0.0393,0.0326,0.0329
Central,KEN,Kenya,51325,0.0674,0.0606,0.039,0.0354,0.0334,0.0289,0.0218,0.0129,0.0065,0.0042,0.0047,0.0071,0.0197,0.0445,0.0466,0.0426
Coast,KEN,Kenya,51326,0.3441,0.4015,0.3565,0.3244,0.2425,0.1599,0.1044,0.0657,0.0419,0.0371,0.0413,0.0541,0.0997,0.1609,0.1622,0.1517
Eastern,KEN,Kenya,51327,0.1357,0.1352,0.0979,0.0931,0.0872,0.0728,0.053,0.0315,0.0151,0.0095,0.0098,0.0126,0.0302,0.0657,0.0682,0.0631
Nairobi,KEN,Kenya,51328,0.0027,0.0024,0.0015,0.0013,0.0012,0.001,0.0008,0.0005,0.0003,0.0002,0.0002,0.0003,0.0007,0.0014,0.0014,0.0013
North Eastern,KEN,Kenya,51329,0.0741,0.0737,0.0512,0.0489,0.0461,0.0451,0.0416,0.034,0.0235,0.0196,0.0179,0.0162,0.0209,0.0285,0.0291,0.0276
Nyanza,KEN,Kenya,51330,0.3411,0.4265,0.404,0.3777,0.3041,0.2203,0.1671,0.1358,0.1246,0.1398,0.1566,0.1673,0.2171,0.2576,0.2559,0.2423
Rift Valley,KEN,Kenya,51331,0.1383,0.1587,0.1278,0.1134,0.0851,0.0578,0.0389,0.0244,0.0148,0.0132,0.0159,0.0223,0.0514,0.0948,0.0976,0.0898
Western,KEN,Kenya,51332,0.4869,0.6473,0.6538,0.6052,0.4507,0.2841,0.2014,0.1624,0.1683,0.2143,0.2492,0.2504,0.2493,0.2345,0.2357,0.2181
Administrative unit not available,KEN,Kenya,61033,0.1168,0.1202,0.0904,0.0791,0.066,0.055,0.0481,0.0409,0.0321,0.0328,0.0323,0.0271,0.0277,0.0323,0.0312,0.0305
Area under National Administration,MOZ,Mozambique,65246,0.4256,0.4267,0.4214,0.4133,0.3991,0.3401,0.3431,0.3274,0.3411,0.3929,0.3929,0.3377,0.2965,0.2106,0.1817,0.1713
Area under National Administration,MWI,Malawi,65268,0.3335,0.3263,0.3211,0.2709,0.243,0.2289,0.237,0.2606,0.308,0.3561,0.3215,0.2701,0.2079,0.1468,0.1477,0.1254
Abia,NGA,Nigeria,65698,0.8626,0.8647,0.8572,0.8473,0.8279,0.7907,0.7295,0.6393,0.5231,0.4047,0.3273,0.3117,0.3493,0.4241,0.411,0.4043
Bauchi,NGA,Nigeria,65699,0.4636,0.4584,0.4547,0.4444,0.4318,0.4287,0.4273,0.4357,0.4475,0.4041,0.3746,0.341,0.3143,0.3103,0.3124,0.3165
Bayelsa,NGA,Nigeria,65700,0.4918,0.4787,0.4484,0.402,0.3429,0.2936,0.2729,0.269,0.2884,0.2759,0.2595,0.247,0.2347,0.2346,0.2476,0.2231
Ebonyi,NGA,Nigeria,65701,0.5771,0.5633,0.56,0.5596,0.5666,0.5779,0.559,0.5333,0.5049,0.4384,0.3758,0.347,0.3253,0.3477,0.3344,0.3208
Ekiti,NGA,Nigeria,65702,0.5524,0.525,0.515,0.5265,0.5502,0.5693,0.5666,0.5399,0.5051,0.452,0.4167,0.4121,0.4369,0.4742,0.4654,0.4493
Enugu,NGA,Nigeria,65703,0.2781,0.2579,0.2559,0.2661,0.2868,0.3197,0.3326,0.3271,0.3152,0.2506,0.2129,0.1947,0.189,0.2032,0.1952,0.1872
Gombe,NGA,Nigeria,65704,0.4325,0.4429,0.4574,0.4682,0.4781,0.4785,0.4718,0.4604,0.4366,0.3621,0.3157,0.2926,0.2978,0.3215,0.3246,0.3271
Nassarawa,NGA,Nigeria,65705,0.5515,0.536,0.5274,0.522,0.5243,0.5218,0.5035,0.4811,0.4368,0.3764,0.3317,0.3151,0.3217,0.3544,0.3405,0.3348
Ondo,NGA,Nigeria,65706,0.4965,0.4728,0.4634,0.4698,0.4874,0.5059,0.5179,0.5149,0.5179,0.4817,0.446,0.4182,0.3996,0.3986,0.3918,0.3778
Plateau,NGA,Nigeria,65707,0.4984,0.4814,0.4682,0.4497,0.4289,0.4067,0.3821,0.3507,0.3083,0.2485,0.2197,0.2164,0.2508,0.2986,0.292,0.2907
Rivers,NGA,Nigeria,65708,0.6702,0.66,0.6271,0.5831,0.519,0.4457,0.3828,0.3209,0.2705,0.2169,0.1835,0.1797,0.2054,0.2516,0.2487,0.2365
Sokoto,NGA,Nigeria,65709,0.2488,0.2427,0.2381,0.23,0.2179,0.2233,0.2452,0.2923,0.3639,0.3474,0.3588,0.3433,0.3109,0.271,0.2671,0.2749
Zamfara,NGA,Nigeria,65710,0.369,0.3614,0.3584,0.3531,0.3432,0.3485,0.3703,0.4117,0.4738,0.4649,0.4642,0.4308,0.3916,0.3502,0.3463,0.3577
Bangui,CAF,Central African Republic,67154,0.6442,0.6483,0.6735,0.7269,0.7959,0.8496,0.867,0.8517,0.7989,0.7239,0.6409,0.5449,0.454,0.4005,0.3711,0.3492
Kassala,SDN,Sudan,68783,0.0477,0.0428,0.035,0.0275,0.021,0.0184,0.0122,0.0117,0.0124,0.0151,0.0179,0.0198,0.0231,0.0243,0.0242,0.0246
Northern Kordofan,SDN,Sudan,68784,0.0632,0.0641,0.0623,0.0572,0.0533,0.053,0.0349,0.0295,0.0259,0.0262,0.0253,0.023,0.0228,0.0237,0.0246,0.0243
Gadaref,SDN,Sudan,68805,0.0314,0.0277,0.0242,0.022,0.0209,0.0221,0.0167,0.0166,0.0167,0.0182,0.0198,0.022,0.0276,0.0293,0.03,0.0298
Matabeleland North,ZWE,Zimbabwe,69549,0.0468,0.0444,0.0447,0.0413,0.0426,0.0401,0.0499,0.0561,0.0708,0.0807,0.076,0.075,0.0738,0.0646,0.0623,0.0604
Mashonaland East,ZWE,Zimbabwe,69550,0.0168,0.0222,0.028,0.0309,0.0301,0.0265,0.0259,0.0257,0.0274,0.0266,0.0217,0.0199,0.0219,0.0248,0.0234,0.0231
Mpumalanga,ZAF,South Africa,1013699,0.0539,0.0561,0.0536,0.0452,0.0394,0.0316,0.0311,0.018,0.0122,0.0154,0.0151,0.0142,0.0147,0.0235,0.0254,0.021
North-west,ZAF,South Africa,1013700,0.001,0.0009,0.0009,0.0008,0.001,0.001,0.0012,0.0007,0.0004,0.0004,0.0003,0.0003,0.0002,0.0003,0.0003,0.0003
Northern Cape,ZAF,South Africa,1013701,0,0,0,0,0,0,0,0,0,0,0,0,0,0,0,0
Eastern Cape,ZAF,South Africa,1013702,0,0,0,0,0,0,0,0,0,0,0,0,0,0,0,0
Kwazulu-natal,ZAF,South Africa,1013703,0.003,0.0027,0.0026,0.0026,0.0029,0.0036,0.0042,0.0029,0.002,0.0026,0.0026,0.0022,0.0021,0.0029,0.0031,0.0025
Northern Province,ZAF,South Africa,1013704,0.0699,0.0713,0.0685,0.0628,0.0618,0.0562,0.0606,0.0353,0.0217,0.0242,0.0233,0.0219,0.0223,0.0344,0.038,0.0311
Gauteng,ZAF,South Africa,1013705,0.0002,0.0002,0.0002,0.0002,0.0002,0.0002,0.0002,0.0001,0.0001,0.0001,0.0001,0.0001,0.0001,0.0001,0.0001,0.0001
Free State,ZAF,South Africa,1013706,0,0,0,0,0,0,0,0,0,0,0,0,0,0,0,0
Western Cape,ZAF,South Africa,1013707,0,0,0,0,0,0,0,0,0,0,0,0,0,0,0,0
